method,condition_id,nominal_range_m,lidar_frames,label_frames,detected_frames,frame_recall,input_candidates_all_frames,input_candidates_per_lidar_frame,output_candidates_all_frames,output_candidates_per_lidar_frame,candidate_reduction_fraction,unmatched_outputs_labeled_frames,unmatched_outputs_per_labeled_frame,center_error_mean_m,runtime_s,operational_precision
A_prime_legacy_corrected,100m_cross_5,100,32,19,10,0.5263157894736842,181,5.65625,181,5.65625,0.0,150,7.894736842105263,1.3067612942689723e-14,0.23652132996357977,UNKNOWN_NO_RELIABLE_NEGATIVE_LABELS
B_khosravi_current,100m_cross_5,100,32,19,8,0.42105263157894735,984,30.75,820,25.625,0.16666666666666663,503,26.473684210526315,0.04131061449904211,0.1818246691254899,UNKNOWN_NO_RELIABLE_NEGATIVE_LABELS
A_prime_legacy_corrected,100m_cross_10,100,46,11,11,1.0,335,7.282608695652174,335,7.282608695652174,0.0,84,7.636363636363637,1.4510145024480022e-14,0.3493525410303846,UNKNOWN_NO_RELIABLE_NEGATIVE_LABELS
B_khosravi_current,100m_cross_10,100,46,11,7,0.6363636363636364,1220,26.52173913043478,1013,22.02173913043478,0.16967213114754098,240,21.818181818181817,0.12880329350187908,0.2447570270160213,UNKNOWN_NO_RELIABLE_NEGATIVE_LABELS
A_prime_legacy_corrected,200m_cross_5,200,83,22,8,0.36363636363636365,566,6.819277108433735,566,6.819277108433735,0.0,99,4.5,0.1598337376236963,0.6591227339813486,UNKNOWN_NO_RELIABLE_NEGATIVE_LABELS
B_khosravi_current,200m_cross_5,200,83,22,11,0.5,2326,28.02409638554217,1981,23.867469879518072,0.148323301805675,500,22.727272727272727,0.17144051994018425,0.3987136969808489,UNKNOWN_NO_RELIABLE_NEGATIVE_LABELS
A_prime_legacy_corrected,200m_cross_10,200,48,18,10,0.5555555555555556,234,4.875,234,4.875,0.0,96,5.333333333333333,0.2682793454015048,0.28952762798871845,UNKNOWN_NO_RELIABLE_NEGATIVE_LABELS
B_khosravi_current,200m_cross_10,200,48,18,12,0.6666666666666666,1399,29.145833333333332,1182,24.625,0.15511079342387424,469,26.055555555555557,0.160688017521829,0.22350484400521964,UNKNOWN_NO_RELIABLE_NEGATIVE_LABELS
A_prime_legacy_corrected,300m_cross_10,300,63,10,2,0.2,311,4.936507936507937,311,4.936507936507937,0.0,16,1.6,3.6791825038594e-14,0.3751517808996141,UNKNOWN_NO_RELIABLE_NEGATIVE_LABELS
B_khosravi_current,300m_cross_10,300,63,10,3,0.3,1780,28.253968253968253,1500,23.80952380952381,0.1573033707865169,202,20.2,0.5131753193894871,0.28932301397435367,UNKNOWN_NO_RELIABLE_NEGATIVE_LABELS
Khosravi_2026_structure_reconstruction,100m_cross_5,100,32,19,10,0.5263157894736842,1233,38.53125,866,27.0625,0.29764801297648014,548,28.842105263157894,0.022778068258164298,1.6368758649332449,UNKNOWN_NO_RELIABLE_NEGATIVE_LABELS
candidate_graph_DP,100m_cross_5,100,32,19,0,0.0,2072,64.75,32,1.0,0.9845559845559846,19,1.0,,2.4689748879754916,UNKNOWN_NO_RELIABLE_NEGATIVE_LABELS
Khosravi_2026_structure_reconstruction,100m_cross_10,100,46,11,4,0.36363636363636365,1579,34.32608695652174,1158,25.17391304347826,0.2666244458518049,285,25.90909090909091,0.09573442351107136,2.3504421761026606,UNKNOWN_NO_RELIABLE_NEGATIVE_LABELS
candidate_graph_DP,100m_cross_10,100,46,11,0,0.0,2781,60.45652173913044,46,1.0,0.9834591873426825,11,1.0,,3.5288410019129515,UNKNOWN_NO_RELIABLE_NEGATIVE_LABELS
Khosravi_2026_structure_reconstruction,200m_cross_5,200,83,22,20,0.9090909090909091,2961,35.674698795180724,2201,26.518072289156628,0.25667004390408643,521,23.681818181818183,0.08518588727378577,4.6836532559245825,UNKNOWN_NO_RELIABLE_NEGATIVE_LABELS
candidate_graph_DP,200m_cross_5,200,83,22,0,0.0,5202,62.674698795180724,83,1.0,0.9840445982314494,22,1.0,,6.6873096119379625,UNKNOWN_NO_RELIABLE_NEGATIVE_LABELS
Khosravi_2026_structure_reconstruction,200m_cross_10,200,48,18,17,0.9444444444444444,1823,37.979166666666664,1371,28.5625,0.2479429511793747,533,29.61111111111111,0.14533305428491317,2.8692044251365587,UNKNOWN_NO_RELIABLE_NEGATIVE_LABELS
candidate_graph_DP,200m_cross_10,200,48,18,0,0.0,3068,63.916666666666664,48,1.0,0.984354628422425,18,1.0,,3.845587313058786,UNKNOWN_NO_RELIABLE_NEGATIVE_LABELS
Khosravi_2026_structure_reconstruction,300m_cross_10,300,63,10,7,0.7,2201,34.93650793650794,1582,25.11111111111111,0.2812358019082235,190,19.0,0.21383720850811663,3.998321775929071,UNKNOWN_NO_RELIABLE_NEGATIVE_LABELS
candidate_graph_DP,300m_cross_10,300,63,10,0,0.0,3872,61.46031746031746,63,1.0,0.9837293388429752,10,1.0,,5.2816529660485685,UNKNOWN_NO_RELIABLE_NEGATIVE_LABELS
A_prime_legacy_corrected,ALL,100,78,30,21,0.7,516,6.615384615384615,516,6.615384615384615,0.0,234,7.8,,0.5858738709939644,UNKNOWN_NO_RELIABLE_NEGATIVE_LABELS
A_prime_legacy_corrected,ALL,200,131,40,18,0.45,800,6.106870229007634,800,6.106870229007634,0.0,195,4.875,,0.948650361970067,UNKNOWN_NO_RELIABLE_NEGATIVE_LABELS
A_prime_legacy_corrected,ALL,300,63,10,2,0.2,311,4.936507936507937,311,4.936507936507937,0.0,16,1.6,,0.3751517808996141,UNKNOWN_NO_RELIABLE_NEGATIVE_LABELS
B_khosravi_current,ALL,100,78,30,15,0.5,2204,28.256410256410255,1833,23.5,0.16833030852994557,743,24.766666666666666,,0.4265816961415112,UNKNOWN_NO_RELIABLE_NEGATIVE_LABELS
B_khosravi_current,ALL,200,131,40,23,0.575,3725,28.435114503816795,3163,24.14503816793893,0.1508724832214765,969,24.225,,0.6222185409860685,UNKNOWN_NO_RELIABLE_NEGATIVE_LABELS
B_khosravi_current,ALL,300,63,10,3,0.3,1780,28.253968253968253,1500,23.80952380952381,0.1573033707865169,202,20.2,,0.28932301397435367,UNKNOWN_NO_RELIABLE_NEGATIVE_LABELS
Khosravi_2026_structure_reconstruction,ALL,100,78,30,14,0.4666666666666667,2812,36.05128205128205,2024,25.94871794871795,0.2802275960170697,833,27.766666666666666,,3.9873180410359055,UNKNOWN_NO_RELIABLE_NEGATIVE_LABELS
Khosravi_2026_structure_reconstruction,ALL,200,131,40,37,0.925,4784,36.51908396946565,3572,27.267175572519083,0.25334448160535117,1054,26.35,,7.552857681061141,UNKNOWN_NO_RELIABLE_NEGATIVE_LABELS
Khosravi_2026_structure_reconstruction,ALL,300,63,10,7,0.7,2201,34.93650793650794,1582,25.11111111111111,0.2812358019082235,190,19.0,,3.998321775929071,UNKNOWN_NO_RELIABLE_NEGATIVE_LABELS
candidate_graph_DP,ALL,100,78,30,0,0.0,4853,62.217948717948715,78,1.0,0.9839274675458479,30,1.0,,5.997815889888443,UNKNOWN_NO_RELIABLE_NEGATIVE_LABELS
candidate_graph_DP,ALL,200,131,40,0,0.0,8270,63.12977099236641,131,1.0,0.9841596130592503,40,1.0,,10.532896924996749,UNKNOWN_NO_RELIABLE_NEGATIVE_LABELS
candidate_graph_DP,ALL,300,63,10,0,0.0,3872,61.46031746031746,63,1.0,0.9837293388429752,10,1.0,,5.2816529660485685,UNKNOWN_NO_RELIABLE_NEGATIVE_LABELS
