method,condition_id,nominal_range_m,lidar_frames,label_frames,detected_frames,candidate_stage_recall,candidate_count,candidates_per_lidar_frame,status
Khosravi_reconstruction_pre_temporal,100m_cross_5,100,32,19,14,0.7368421052631579,1233,38.53125,DIAGNOSTIC_NOT_AN_OPERATIONAL_DETECTION_OUTPUT
minPts1_singleton_pre_DP,100m_cross_5,100,32,19,19,1.0,2072,64.75,DIAGNOSTIC_NOT_AN_OPERATIONAL_DETECTION_OUTPUT
Khosravi_reconstruction_pre_temporal,100m_cross_10,100,46,11,8,0.7272727272727273,1579,34.32608695652174,DIAGNOSTIC_NOT_AN_OPERATIONAL_DETECTION_OUTPUT
minPts1_singleton_pre_DP,100m_cross_10,100,46,11,11,1.0,2781,60.45652173913044,DIAGNOSTIC_NOT_AN_OPERATIONAL_DETECTION_OUTPUT
Khosravi_reconstruction_pre_temporal,200m_cross_5,200,83,22,22,1.0,2961,35.674698795180724,DIAGNOSTIC_NOT_AN_OPERATIONAL_DETECTION_OUTPUT
minPts1_singleton_pre_DP,200m_cross_5,200,83,22,22,1.0,5202,62.674698795180724,DIAGNOSTIC_NOT_AN_OPERATIONAL_DETECTION_OUTPUT
Khosravi_reconstruction_pre_temporal,200m_cross_10,200,48,18,18,1.0,1823,37.979166666666664,DIAGNOSTIC_NOT_AN_OPERATIONAL_DETECTION_OUTPUT
minPts1_singleton_pre_DP,200m_cross_10,200,48,18,18,1.0,3068,63.916666666666664,DIAGNOSTIC_NOT_AN_OPERATIONAL_DETECTION_OUTPUT
Khosravi_reconstruction_pre_temporal,300m_cross_10,300,63,10,9,0.9,2201,34.93650793650794,DIAGNOSTIC_NOT_AN_OPERATIONAL_DETECTION_OUTPUT
minPts1_singleton_pre_DP,300m_cross_10,300,63,10,10,1.0,3872,61.46031746031746,DIAGNOSTIC_NOT_AN_OPERATIONAL_DETECTION_OUTPUT
