method,condition_id,nominal_range_m,frame_index,detected,candidate_count,unmatched_candidates,center_error_m,matched_track_id
Khosravi_2026_structure_reconstruction,100m_cross_5,100,11,False,22,22,,
Khosravi_2026_structure_reconstruction,100m_cross_5,100,12,False,28,28,,
Khosravi_2026_structure_reconstruction,100m_cross_5,100,14,True,33,32,0.006588983385929898,67
Khosravi_2026_structure_reconstruction,100m_cross_5,100,15,True,33,32,0.02594587090246544,67
Khosravi_2026_structure_reconstruction,100m_cross_5,100,16,False,29,29,,
Khosravi_2026_structure_reconstruction,100m_cross_5,100,17,True,28,27,0.029321079428135572,67
Khosravi_2026_structure_reconstruction,100m_cross_5,100,18,True,29,28,0.02781484526689742,67
Khosravi_2026_structure_reconstruction,100m_cross_5,100,20,False,26,26,,
Khosravi_2026_structure_reconstruction,100m_cross_5,100,21,True,30,29,0.022436714747864833,67
Khosravi_2026_structure_reconstruction,100m_cross_5,100,22,True,29,28,0.017277528628432366,67
Khosravi_2026_structure_reconstruction,100m_cross_5,100,23,True,28,27,0.035350897672401384,67
Khosravi_2026_structure_reconstruction,100m_cross_5,100,24,True,32,31,0.010849147483774519,67
Khosravi_2026_structure_reconstruction,100m_cross_5,100,25,True,34,33,0.031671498612326314,67
Khosravi_2026_structure_reconstruction,100m_cross_5,100,26,True,32,31,0.020524116453415245,67
Khosravi_2026_structure_reconstruction,100m_cross_5,100,27,False,31,31,,
Khosravi_2026_structure_reconstruction,100m_cross_5,100,28,False,25,25,,
Khosravi_2026_structure_reconstruction,100m_cross_5,100,29,False,29,29,,
Khosravi_2026_structure_reconstruction,100m_cross_5,100,30,False,30,30,,
Khosravi_2026_structure_reconstruction,100m_cross_5,100,31,False,30,30,,
candidate_graph_DP,100m_cross_5,100,11,False,1,1,,
candidate_graph_DP,100m_cross_5,100,12,False,1,1,,
candidate_graph_DP,100m_cross_5,100,14,False,1,1,,
candidate_graph_DP,100m_cross_5,100,15,False,1,1,,
candidate_graph_DP,100m_cross_5,100,16,False,1,1,,
candidate_graph_DP,100m_cross_5,100,17,False,1,1,,
candidate_graph_DP,100m_cross_5,100,18,False,1,1,,
candidate_graph_DP,100m_cross_5,100,20,False,1,1,,
candidate_graph_DP,100m_cross_5,100,21,False,1,1,,
candidate_graph_DP,100m_cross_5,100,22,False,1,1,,
candidate_graph_DP,100m_cross_5,100,23,False,1,1,,
candidate_graph_DP,100m_cross_5,100,24,False,1,1,,
candidate_graph_DP,100m_cross_5,100,25,False,1,1,,
candidate_graph_DP,100m_cross_5,100,26,False,1,1,,
candidate_graph_DP,100m_cross_5,100,27,False,1,1,,
candidate_graph_DP,100m_cross_5,100,28,False,1,1,,
candidate_graph_DP,100m_cross_5,100,29,False,1,1,,
candidate_graph_DP,100m_cross_5,100,30,False,1,1,,
candidate_graph_DP,100m_cross_5,100,31,False,1,1,,
Khosravi_2026_structure_reconstruction,100m_cross_10,100,18,False,26,26,,
Khosravi_2026_structure_reconstruction,100m_cross_10,100,19,False,29,29,,
Khosravi_2026_structure_reconstruction,100m_cross_10,100,20,False,29,29,,
Khosravi_2026_structure_reconstruction,100m_cross_10,100,21,True,28,27,0.015837523559975232,75
Khosravi_2026_structure_reconstruction,100m_cross_10,100,22,True,22,21,0.017875338148343356,75
Khosravi_2026_structure_reconstruction,100m_cross_10,100,23,False,27,27,,
Khosravi_2026_structure_reconstruction,100m_cross_10,100,24,False,25,25,,
Khosravi_2026_structure_reconstruction,100m_cross_10,100,25,False,26,26,,
Khosravi_2026_structure_reconstruction,100m_cross_10,100,26,False,24,24,,
Khosravi_2026_structure_reconstruction,100m_cross_10,100,28,True,28,27,0.34087869750918176,75
Khosravi_2026_structure_reconstruction,100m_cross_10,100,31,True,25,24,0.008346134826785062,75
candidate_graph_DP,100m_cross_10,100,18,False,1,1,,
candidate_graph_DP,100m_cross_10,100,19,False,1,1,,
candidate_graph_DP,100m_cross_10,100,20,False,1,1,,
candidate_graph_DP,100m_cross_10,100,21,False,1,1,,
candidate_graph_DP,100m_cross_10,100,22,False,1,1,,
candidate_graph_DP,100m_cross_10,100,23,False,1,1,,
candidate_graph_DP,100m_cross_10,100,24,False,1,1,,
candidate_graph_DP,100m_cross_10,100,25,False,1,1,,
candidate_graph_DP,100m_cross_10,100,26,False,1,1,,
candidate_graph_DP,100m_cross_10,100,28,False,1,1,,
candidate_graph_DP,100m_cross_10,100,31,False,1,1,,
Khosravi_2026_structure_reconstruction,200m_cross_5,200,0,False,0,0,,
Khosravi_2026_structure_reconstruction,200m_cross_5,200,1,False,0,0,,
Khosravi_2026_structure_reconstruction,200m_cross_5,200,2,True,25,24,0.08858657180820087,12
Khosravi_2026_structure_reconstruction,200m_cross_5,200,3,True,29,28,0.03291194947938775,12
Khosravi_2026_structure_reconstruction,200m_cross_5,200,4,True,29,28,0.06198098852207014,12
Khosravi_2026_structure_reconstruction,200m_cross_5,200,5,True,28,27,0.05248744722555154,12
Khosravi_2026_structure_reconstruction,200m_cross_5,200,6,True,27,26,0.19983150480596207,12
Khosravi_2026_structure_reconstruction,200m_cross_5,200,7,True,26,25,0.023528396848195954,12
Khosravi_2026_structure_reconstruction,200m_cross_5,200,8,True,23,22,0.020888527552421227,12
Khosravi_2026_structure_reconstruction,200m_cross_5,200,9,True,24,23,0.02734567032074485,12
Khosravi_2026_structure_reconstruction,200m_cross_5,200,10,True,30,29,0.018096297342988517,12
Khosravi_2026_structure_reconstruction,200m_cross_5,200,11,True,28,27,0.04104657585987897,12
Khosravi_2026_structure_reconstruction,200m_cross_5,200,12,True,29,28,0.015560991053678913,12
Khosravi_2026_structure_reconstruction,200m_cross_5,200,13,True,29,28,0.015097192055273361,12
Khosravi_2026_structure_reconstruction,200m_cross_5,200,14,True,21,20,0.07972394199228348,12
Khosravi_2026_structure_reconstruction,200m_cross_5,200,15,True,26,25,0.24883420291846634,12
Khosravi_2026_structure_reconstruction,200m_cross_5,200,16,True,28,27,0.15359695392668085,12
Khosravi_2026_structure_reconstruction,200m_cross_5,200,17,True,27,26,0.101066380155842,12
Khosravi_2026_structure_reconstruction,200m_cross_5,200,18,True,30,29,0.0654809455766987,12
Khosravi_2026_structure_reconstruction,200m_cross_5,200,19,True,27,26,0.31004177797561144,12
Khosravi_2026_structure_reconstruction,200m_cross_5,200,20,True,27,26,0.1215185740583189,38
Khosravi_2026_structure_reconstruction,200m_cross_5,200,21,True,28,27,0.02609285599745952,38
candidate_graph_DP,200m_cross_5,200,0,False,1,1,,
candidate_graph_DP,200m_cross_5,200,1,False,1,1,,
candidate_graph_DP,200m_cross_5,200,2,False,1,1,,
candidate_graph_DP,200m_cross_5,200,3,False,1,1,,
candidate_graph_DP,200m_cross_5,200,4,False,1,1,,
candidate_graph_DP,200m_cross_5,200,5,False,1,1,,
candidate_graph_DP,200m_cross_5,200,6,False,1,1,,
candidate_graph_DP,200m_cross_5,200,7,False,1,1,,
candidate_graph_DP,200m_cross_5,200,8,False,1,1,,
candidate_graph_DP,200m_cross_5,200,9,False,1,1,,
candidate_graph_DP,200m_cross_5,200,10,False,1,1,,
candidate_graph_DP,200m_cross_5,200,11,False,1,1,,
candidate_graph_DP,200m_cross_5,200,12,False,1,1,,
candidate_graph_DP,200m_cross_5,200,13,False,1,1,,
candidate_graph_DP,200m_cross_5,200,14,False,1,1,,
candidate_graph_DP,200m_cross_5,200,15,False,1,1,,
candidate_graph_DP,200m_cross_5,200,16,False,1,1,,
candidate_graph_DP,200m_cross_5,200,17,False,1,1,,
candidate_graph_DP,200m_cross_5,200,18,False,1,1,,
candidate_graph_DP,200m_cross_5,200,19,False,1,1,,
candidate_graph_DP,200m_cross_5,200,20,False,1,1,,
candidate_graph_DP,200m_cross_5,200,21,False,1,1,,
Khosravi_2026_structure_reconstruction,200m_cross_10,200,30,True,34,33,0.3089550862715587,10
Khosravi_2026_structure_reconstruction,200m_cross_10,200,31,True,30,29,0.7129446110996058,81
Khosravi_2026_structure_reconstruction,200m_cross_10,200,32,True,31,30,0.130420947478971,81
Khosravi_2026_structure_reconstruction,200m_cross_10,200,33,True,27,26,0.034915007284978705,81
Khosravi_2026_structure_reconstruction,200m_cross_10,200,34,True,31,30,0.08375765396584317,81
Khosravi_2026_structure_reconstruction,200m_cross_10,200,35,True,33,32,0.0444026684217977,81
Khosravi_2026_structure_reconstruction,200m_cross_10,200,36,True,30,29,0.038606278473390335,81
Khosravi_2026_structure_reconstruction,200m_cross_10,200,37,True,34,33,0.029652528972212402,81
Khosravi_2026_structure_reconstruction,200m_cross_10,200,38,True,33,32,0.02178055474888822,81
Khosravi_2026_structure_reconstruction,200m_cross_10,200,39,True,27,26,0.07653117822242458,81
Khosravi_2026_structure_reconstruction,200m_cross_10,200,40,True,33,32,0.4837260129853128,81
Khosravi_2026_structure_reconstruction,200m_cross_10,200,41,True,32,31,0.2526966264339311,81
Khosravi_2026_structure_reconstruction,200m_cross_10,200,42,False,28,28,,
Khosravi_2026_structure_reconstruction,200m_cross_10,200,43,True,30,29,0.07428083717140052,128
Khosravi_2026_structure_reconstruction,200m_cross_10,200,44,True,31,30,0.03552536516671005,128
Khosravi_2026_structure_reconstruction,200m_cross_10,200,45,True,28,27,0.047311049915728286,128
Khosravi_2026_structure_reconstruction,200m_cross_10,200,46,True,28,27,0.03480403877583566,128
Khosravi_2026_structure_reconstruction,200m_cross_10,200,47,True,30,29,0.060351477454935035,128
candidate_graph_DP,200m_cross_10,200,30,False,1,1,,
candidate_graph_DP,200m_cross_10,200,31,False,1,1,,
candidate_graph_DP,200m_cross_10,200,32,False,1,1,,
candidate_graph_DP,200m_cross_10,200,33,False,1,1,,
candidate_graph_DP,200m_cross_10,200,34,False,1,1,,
candidate_graph_DP,200m_cross_10,200,35,False,1,1,,
candidate_graph_DP,200m_cross_10,200,36,False,1,1,,
candidate_graph_DP,200m_cross_10,200,37,False,1,1,,
candidate_graph_DP,200m_cross_10,200,38,False,1,1,,
candidate_graph_DP,200m_cross_10,200,39,False,1,1,,
candidate_graph_DP,200m_cross_10,200,40,False,1,1,,
candidate_graph_DP,200m_cross_10,200,41,False,1,1,,
candidate_graph_DP,200m_cross_10,200,42,False,1,1,,
candidate_graph_DP,200m_cross_10,200,43,False,1,1,,
candidate_graph_DP,200m_cross_10,200,44,False,1,1,,
candidate_graph_DP,200m_cross_10,200,45,False,1,1,,
candidate_graph_DP,200m_cross_10,200,46,False,1,1,,
candidate_graph_DP,200m_cross_10,200,47,False,1,1,,
Khosravi_2026_structure_reconstruction,300m_cross_10,300,0,False,0,0,,
Khosravi_2026_structure_reconstruction,300m_cross_10,300,1,False,0,0,,
Khosravi_2026_structure_reconstruction,300m_cross_10,300,2,False,20,20,,
Khosravi_2026_structure_reconstruction,300m_cross_10,300,3,True,22,21,0.25712218227179173,16
Khosravi_2026_structure_reconstruction,300m_cross_10,300,4,True,27,26,0.9070005280606633,16
Khosravi_2026_structure_reconstruction,300m_cross_10,300,5,True,28,27,0.10638794153756745,16
Khosravi_2026_structure_reconstruction,300m_cross_10,300,6,True,28,27,0.047180676999869366,16
Khosravi_2026_structure_reconstruction,300m_cross_10,300,7,True,24,23,0.1473853414162383,16
Khosravi_2026_structure_reconstruction,300m_cross_10,300,9,True,23,22,0.02727927813374354,16
Khosravi_2026_structure_reconstruction,300m_cross_10,300,10,True,25,24,0.004504511136942749,16
candidate_graph_DP,300m_cross_10,300,0,False,1,1,,
candidate_graph_DP,300m_cross_10,300,1,False,1,1,,
candidate_graph_DP,300m_cross_10,300,2,False,1,1,,
candidate_graph_DP,300m_cross_10,300,3,False,1,1,,
candidate_graph_DP,300m_cross_10,300,4,False,1,1,,
candidate_graph_DP,300m_cross_10,300,5,False,1,1,,
candidate_graph_DP,300m_cross_10,300,6,False,1,1,,
candidate_graph_DP,300m_cross_10,300,7,False,1,1,,
candidate_graph_DP,300m_cross_10,300,9,False,1,1,,
candidate_graph_DP,300m_cross_10,300,10,False,1,1,,
