candidate_id,condition_id,coverage,displacement_m,lidar_rank,lidar_score,median_direction_cosine,median_doppler_residual_mps,median_extent_m,median_intensity,median_persistence,median_points,median_radial_velocity_mps,median_speed_mps,observations,p90_acceleration_mps2,path_length_m,span_frames,support_fraction,supported_observations
300m_roundtrip_10_e0001,300m_roundtrip_10,0.9230769230769231,45.72998003560815,1,69.04324552137756,0.673668709694941,0.3850308229785511,1.2013980474859784,34.40548780487805,0.026063829787234045,15.5,-1.1033333275053236,0.7261218683589364,24,1.551376712310959,49.830858145042605,26,1.0,24
300m_roundtrip_10_e0002,300m_roundtrip_10,0.9726027397260274,230.54811525473306,2,60.95528663771596,0.9979611847944719,2.6315276471731517,0.15260551713883724,32.45454545454545,0.006595744680851064,16.0,-5.023750007152557,3.302797803021685,71,3.479040664197588,252.53697616471223,73,0.9154929577464789,65
300m_roundtrip_10_e0003,300m_roundtrip_10,0.9857142857142858,220.45447772679293,3,50.89646643780666,0.9972084999157567,2.992672331233438,0.20723317593279905,29.11111111111111,0.004255319148936171,11.0,5.064285618918283,2.768713744592385,69,3.470449234189645,232.74182391209203,70,0.9855072463768116,68
300m_roundtrip_10_e0004,300m_roundtrip_10,0.9166666666666666,24.529727451298488,4,9.487070099375,0.9889257479974118,2.019018108260646,0.4337586253270053,45.86363636363637,0.014609929078014183,45.0,1.4673239404047038,1.3482234193361287,11,3.4588253300157423,26.331236683178062,12,1.0,11
300m_roundtrip_10_e0005,300m_roundtrip_10,0.7777777777777778,6.040507486344058,5,7.289440653456404,0.859217043011592,0.25266752512388935,1.4973497392982313,20.6,0.08936170212765958,5.0,-0.06750000012107193,0.9759622117913057,7,1.7852671234140758,12.56015161517686,9,1.0,7
300m_roundtrip_10_e0006,300m_roundtrip_10,1.0,7.092900925460603,6,6.294841993605154,0.9575880582270437,1.4523361229411231,0.3440959641518594,21.0,0.010520094562647755,8.0,-3.025714287682185,1.340315959123208,6,0.7981336173800215,7.211440270347279,6,1.0,6
300m_roundtrip_10_e0007,300m_roundtrip_10,1.0,1.661279740200637,7,3.893803310119065,0.4293523018366456,1.1118811572231033,1.8022976707290619,18.416666666666664,0.1276595744680851,3.0,-0.08416666742414236,2.919847789162116,12,4.171904354080272,29.227638694815525,12,0.75,9
300m_roundtrip_10_e0008,300m_roundtrip_10,1.0,9.033628201167165,8,3.0022294672895367,0.7159065134542546,0.8946639784258361,0.0,22.333333333333332,0.1021276595744681,3.0,-0.020000000173846882,0.7453104119197776,9,2.022898147105192,10.949618607786572,9,0.5555555555555556,5
300m_roundtrip_10_e0009,300m_roundtrip_10,0.9473684210526315,7.323818805772823,9,2.8264441130676348,0.5316915982981787,1.538514850732665,0.926595028670871,17.3,0.1276595744680851,2.5,-0.08750000083819032,2.724006387265964,18,4.803612354723254,48.3242602279054,19,0.5,9
300m_roundtrip_10_e0010,300m_roundtrip_10,1.0,8.609379763467357,10,2.7960059973626654,0.7725851390257863,0.967165664358836,0.8550720342052383,19.0,0.08936170212765958,4.0,-0.03399999961256981,3.5005542748157783,9,4.513397883726076,22.11109187487071,9,0.6666666666666666,6
300m_roundtrip_10_e0011,300m_roundtrip_10,0.8888888888888888,12.450273188601386,11,2.7851026790497557,0.524386321323345,0.5141843948866873,0.0,16.42857142857143,0.11063829787234042,3.5,-0.0400000000372529,3.4589526307152605,8,4.248546049513305,26.415061924457753,9,0.625,5
300m_roundtrip_10_e0012,300m_roundtrip_10,0.9,11.963737862914078,12,2.7214152192735352,0.45428107855543487,1.08682878694046,0.0,18.0,0.12680851063829787,4.0,-0.037999999895691874,2.0818869919330334,9,3.612871590015671,19.37461605100807,10,0.6666666666666666,6
300m_roundtrip_10_e0013,300m_roundtrip_10,0.8571428571428571,14.634352510423804,13,2.684420974541596,0.38367680283688177,1.1303441848411104,1.9594707094314758,15.583333333333334,0.13522458628841608,5.5,-2.9277499764692037,2.9433668701708515,6,3.881168195690767,17.16950601620218,7,1.0,6
300m_roundtrip_10_e0014,300m_roundtrip_10,1.0,7.0021859392666475,14,2.6000021538449145,0.3676969664242784,1.7049637724046809,2.09071479621493,15.2,0.10638297872340426,4.0,-0.620000014702479,1.8006148039584822,11,4.586277509101183,20.14408138307285,11,0.7272727272727273,8
300m_roundtrip_10_e0015,300m_roundtrip_10,1.0,13.893319291093073,15,2.5312887815043337,0.419929139907695,1.6224044127598618,1.362364337633657,18.0,0.08936170212765958,3.0,0.3547368501558116,2.85309352233287,11,3.8326980345162904,26.270546124890704,11,0.6363636363636364,7
300m_roundtrip_10_e0016,300m_roundtrip_10,0.75,1.7775900543708658,16,2.360719058874783,0.5581899980813952,0.6182581659965126,3.352149963787922,17.13888888888889,0.11702127659574468,3.5,-0.08722222161789736,2.1564022944452277,6,3.296003804771968,17.35216585516162,8,0.8333333333333334,5
300m_roundtrip_10_e0017,300m_roundtrip_10,1.0,16.165364237908932,17,2.2176067047888,0.7268278817857218,1.6321632946686095,0.5230816828952948,20.94385026737968,0.11061743846474761,5.0,-0.05294118021779201,2.416218659484691,6,3.446642675905406,17.123497857747477,6,0.8333333333333334,5
300m_roundtrip_10_e0018,300m_roundtrip_10,1.0,2.7561493537837056,18,1.9704505481367263,0.574043206884762,1.234392201438525,1.1671259475430862,17.8,0.10638297872340426,3.0,-0.07999999821186066,3.282160938376368,9,5.173536280007128,25.252881168710978,9,0.6666666666666666,6
300m_roundtrip_10_e0019,300m_roundtrip_10,1.0,6.8552964089884165,19,1.884687245154923,0.40411973710852905,0.889602515356021,2.143894639562089,18.333333333333332,0.11063829787234043,3.0,0.004999999888241291,2.112022702160545,7,4.74260530157762,18.11520226716423,7,0.7142857142857143,5
300m_roundtrip_10_e0020,300m_roundtrip_10,1.0,13.655691692206307,20,1.8727396175108764,0.5298348873212313,1.926404678956425,2.118366624681493,15.0,0.05638297872340425,3.0,0.044999999925494194,2.865458478913332,10,4.625476176319538,22.97478431863618,10,0.7,7
300m_roundtrip_10_e0021,300m_roundtrip_10,0.5555555555555556,40.70109782573144,21,1.7982354705610992,0.9754932711267812,1.9041028664081758,0.0,18.666666666666668,0.07943262411347518,3.0,-0.11666666716337204,6.585031433727579,5,1.8811306574115028,48.76073348188781,9,1.0,5
300m_roundtrip_10_e0022,300m_roundtrip_10,1.0,7.236960433766609,22,1.6975302657131872,0.5815907192712001,1.1169524901031704,0.40782768301565225,16.583333333333336,0.07446808510638298,3.0,-0.04166666713232795,3.8556471051538077,6,4.473844702973087,16.079699488446302,6,0.8333333333333334,5
300m_roundtrip_10_e0023,300m_roundtrip_10,1.0,4.807933736793924,23,1.684684265978629,0.6536590147378691,1.9580734042997823,1.3217589149093258,14.791666666666668,0.1404255319148936,3.0,1.109999972085158,3.3666788217857033,10,5.259325750204637,41.527340994322984,10,0.6,6
300m_roundtrip_10_e0024,300m_roundtrip_10,0.8181818181818182,6.167501171614557,24,1.53420767095678,0.6835589655703436,1.7748364468636557,0.9775983615545331,12.666666666666666,0.11063829787234042,3.0,-0.029999999329447746,2.8326582876827233,9,4.443472688371124,29.11994894245517,11,0.6666666666666666,6
300m_roundtrip_10_e0025,300m_roundtrip_10,0.9090909090909091,7.5560638214315485,25,1.5216463194875331,0.6059995602220982,2.5995614250462866,0.986609762781675,15.833333333333332,0.13297872340425532,3.0,0.292500005569309,2.7014444095471526,10,3.529840183601314,25.607575042046275,11,0.6,6
300m_roundtrip_10_e0026,300m_roundtrip_10,1.0,31.72498466525928,26,1.4987502931702057,0.9697991024286248,2.2887049011289538,0.41659864801960494,22.666666666666668,0.15886524822695033,3.0,-0.07999999821186066,5.901313326211127,7,4.046003880620721,35.16881280663655,7,0.7142857142857143,5
300m_roundtrip_10_e0027,300m_roundtrip_10,1.0,10.479665302024669,27,1.0648410522512322,0.5508106335808487,3.0870844888051785,2.7099222606829114,17.5,0.12872340425531914,3.0,1.190000021457672,3.875943664862686,7,3.8874304115033573,20.513778669693266,7,0.7142857142857143,5
300m_roundtrip_10_e0028,300m_roundtrip_10,0.9,11.013280865326792,28,1.0490984979497398,0.32860770054006316,2.3956224337994607,0.9666165339866559,15.666666666666666,0.11205673758865249,3.0,-0.02545454539358616,3.6438089578501716,9,4.742239383373998,25.550726823442258,10,0.5555555555555556,5
300m_roundtrip_10_e0029,300m_roundtrip_10,0.8888888888888888,8.682171866068341,29,0.9862405993773413,0.6942827225469881,2.5678077799155377,1.9800041252867255,14.365384615384615,0.12180851063829787,3.0,-3.029791802400723,1.1332717543566104,8,4.6508038941689005,13.721469827974529,9,0.75,6
300m_roundtrip_10_e0030,300m_roundtrip_10,0.8333333333333334,9.892804504764262,30,0.9703982965160156,0.5611356563329009,2.6058191287771484,2.4023583468105127,14.4,0.1475177304964539,4.0,1.0999999046325684,2.5490557987759255,5,3.8784621889945887,11.74966256633267,6,1.0,5
300m_roundtrip_13_e0001,300m_roundtrip_13,1.0,6.538120535319024,1,4.46291569576634,0.5730811132367114,0.6232242037566873,0.27007890448744387,22.0,0.13201970443349756,3.0,-0.05166666675359011,1.0113770080726372,11,2.839868832770327,16.576340786663817,11,0.6363636363636364,7
300m_roundtrip_13_e0002,300m_roundtrip_13,0.8888888888888888,20.388761763317635,2,4.377416229640259,0.9684679023716387,0.971318860172881,2.4790214406083226,25.25,0.05890804597701149,4.0,2.4774999003857374,3.0480759173337186,8,2.61680349409984,21.569322055516118,9,0.875,7
300m_roundtrip_13_e0003,300m_roundtrip_13,0.9166666666666666,33.675712562403916,3,4.185633460008689,0.41346010501261543,0.4838400436318966,0.0,22.666666666666668,0.06896551724137931,3.0,-0.014999999664723873,2.843647062490308,11,4.462569838857751,44.331266546934216,12,0.6363636363636364,7
300m_roundtrip_13_e0004,300m_roundtrip_13,1.0,8.751585469787488,4,3.58673412641586,0.4080345594041741,0.5921979662636297,2.822826135053813,22.5,0.05586206896551724,7.0,-1.0628571489027567,1.519333087703787,7,3.656672165139453,11.906524052398836,7,0.7142857142857143,5
300m_roundtrip_13_e0005,300m_roundtrip_13,1.0,4.912749790267494,5,3.4163912488231754,0.7038994555023151,1.6382564575761207,2.123901452447869,20.916666666666668,0.07214854111405836,7.0,-1.0933333339790503,1.8074323995296777,9,3.479928480354207,15.023054766863423,9,0.7777777777777778,7
300m_roundtrip_13_e0006,300m_roundtrip_13,1.0,3.454839110525999,6,3.374176321171814,0.6599969362021102,1.2153706880862236,1.7460127547204125,24.25,0.06620689655172414,4.0,-1.7866666674613954,2.1488261472148604,7,2.280053271393823,11.667508404023568,7,0.8571428571428571,6
300m_roundtrip_13_e0007,300m_roundtrip_13,0.8333333333333334,7.658685971276753,7,3.0694658105209034,0.5466331129609435,0.9141051863415947,4.95302706402138,25.45,0.054111405835543774,13.0,-1.6461538408811276,1.9223448755057193,5,3.2936149033068043,8.915600334300361,6,1.0,5
300m_roundtrip_13_e0008,300m_roundtrip_13,0.8571428571428571,12.270226370876708,8,2.869716004966844,0.42853450026848416,0.15311246218610125,0.0,24.979166666666664,0.12413793103448276,3.0,-0.07020833459682763,2.424661932748746,6,3.829005657828517,13.725960657216348,7,0.8333333333333334,5
300m_roundtrip_13_e0009,300m_roundtrip_13,0.7692307692307693,18.719328043075095,9,2.6815233697515053,0.7444688488756376,1.5576507554841006,2.082597670073525,24.861538461538462,0.04775862068965517,4.5,-2.0392307318173923,2.2684085769536972,10,4.539585894621838,36.395110285625016,13,0.8,8
300m_roundtrip_13_e0010,300m_roundtrip_13,0.875,8.71381452030821,10,2.572398523109829,0.6530455412587871,0.7967347017895965,1.0974093178674145,16.416666666666668,0.09137931034482759,4.0,-0.6375000107412537,1.7371510434960362,7,3.8175954427371437,12.94656023033964,8,0.8571428571428571,6
300m_roundtrip_13_e0011,300m_roundtrip_13,0.9230769230769231,1.4394979043122509,11,2.5546133103548665,0.3197188167138939,0.9065209630833553,0.9741204514302451,17.35,0.08379310344827587,3.0,-1.5366666634877522,1.5097423592298191,12,5.593631747536511,22.033592246671002,13,0.6666666666666666,8
300m_roundtrip_13_e0012,300m_roundtrip_13,0.9230769230769231,12.893526616140006,12,2.4588437121131084,0.8412022987205733,2.5652705219992473,0.9413652928333309,24.42857142857143,0.10919540229885058,4.5,-0.8300000067489843,2.8206110278782783,12,4.4495694739672125,28.17238429686247,13,0.75,9
300m_roundtrip_13_e0013,300m_roundtrip_13,0.9090909090909091,6.928451880383022,13,2.4230673831352196,0.34328701980712484,2.81124547170177,1.4996335708216844,22.9125,0.07672413793103448,5.5,-1.8668750636279583,1.4544127079138636,10,3.3873493191743975,18.61519677870071,11,0.8,8
300m_roundtrip_13_e0014,300m_roundtrip_13,0.9166666666666666,4.407640212474663,14,2.0349848502210204,0.3060863936129806,1.6618018869599307,1.6357377759252136,16.333333333333332,0.14482758620689656,3.0,-0.1899999976158142,3.021251592305786,11,4.714057472721177,31.4434278025145,12,0.6363636363636364,7
300m_roundtrip_13_e0015,300m_roundtrip_13,1.0,5.0274054037133995,15,1.8855690950025767,0.33230393703551964,1.2007302423268689,3.1036788421711536,16.5,0.11954022988505747,3.0,-0.0666666654869914,2.0099531226709986,10,5.658138281735807,16.238381622938743,10,0.7,7
300m_roundtrip_13_e0016,300m_roundtrip_13,1.0,36.65038669231942,16,1.8359178283164057,0.869441921055764,2.816345269688834,0.0,22.75,0.18620689655172415,4.0,-0.06750000081956387,4.808514596041286,11,4.95157413033319,39.50205697250789,11,0.6363636363636364,7
300m_roundtrip_13_e0017,300m_roundtrip_13,0.875,20.26704587872685,17,1.6683577231649365,0.5568894921044684,1.1199662739829608,2.898057774744801,21.166666666666668,0.135632183908046,3.0,-0.5649999994784594,3.128793212830925,7,4.702018179189047,26.803588195293585,8,0.7142857142857143,5
300m_roundtrip_13_e0018,300m_roundtrip_13,0.8888888888888888,14.826975366259724,18,1.5445978616160503,0.6806342648151598,1.296143298603353,0.0,23.0,0.15632183908045977,3.0,-0.10499999858438969,2.589662467003605,8,4.195415991329565,18.89809384890094,9,0.625,5
300m_roundtrip_13_e0019,300m_roundtrip_13,0.8571428571428571,11.666616216018783,19,1.482641033366543,0.6496076734263518,2.71138039626366,2.3923299320632156,16.625,0.08850574712643677,3.0,-0.4216665589871506,1.9084948881730033,6,2.0161641294588053,15.33800951424635,7,0.8333333333333334,5
300m_roundtrip_13_e0020,300m_roundtrip_13,0.8888888888888888,12.716564839035202,20,1.4129705300162767,0.8848602136974462,2.398039538848338,1.234451023190243,21.63235294117647,0.03620689655172414,3.5,-0.7125000059604645,2.387942888317126,8,3.3503803477153875,21.751883978742534,9,0.625,5
300m_roundtrip_13_e0021,300m_roundtrip_13,0.875,20.85916458179993,21,1.357525997930302,0.5268923563662483,1.3867483242673908,0.7599067868213902,15.571428571428571,0.04689655172413793,3.0,-2.547142880303519,1.4613543483087743,7,5.09490500138949,24.946288708885355,8,0.7142857142857143,5
300m_roundtrip_13_e0022,300m_roundtrip_13,1.0,12.105754699808408,22,1.339136587253528,0.3527476439610218,3.6794338979015464,2.5740959607230325,23.375,0.022758620689655173,6.0,-2.007777777810891,2.3724294039541762,8,4.632158456746913,19.550122276072827,8,0.75,6
300m_roundtrip_13_e0023,300m_roundtrip_13,0.8181818181818182,5.056518009452147,23,1.297388385088352,0.7649129102056428,2.607710833846154,1.3299136961770257,24.0,0.02413793103448276,4.0,-1.6866666475931804,2.8346632512379997,9,4.598420939216486,26.566228671239667,11,0.6666666666666666,6
300m_roundtrip_13_e0024,300m_roundtrip_13,1.0,4.771974680563145,24,1.1487833914398549,0.4593785102309381,3.022245422983243,1.4660354465052647,20.772727272727273,0.062068965517241385,3.0,-2.288333316644033,2.183709571461931,9,4.337727293435205,18.39890011126662,9,0.6666666666666666,6
300m_roundtrip_13_e0025,300m_roundtrip_13,0.8888888888888888,3.9700223683653153,25,1.1336647432142977,0.556596411889855,2.984906824738914,0.15446558592047308,24.25,0.0367816091954023,3.0,-1.924166664481163,3.399663495233182,8,4.6760762917062095,31.077082702320048,9,0.75,6
300m_roundtrip_13_e0026,300m_roundtrip_13,1.0,3.5049096486313838,26,0.9608008242782465,0.9853436026839575,2.98874890543219,1.1618834605285093,23.0,0.09425287356321839,3.0,-0.7766666474441687,1.2985898995100889,7,4.008829762589287,9.052363286503658,7,0.8571428571428571,6
300m_roundtrip_5_e0001,300m_roundtrip_5,0.8,22.67014155535893,1,8.78738759832035,0.9783485454339094,1.1238241675112879,1.1806570285946165,33.93665377176015,0.022679448211363105,36.0,-1.7566104184068134,1.301030720042884,8,3.0497497051806435,25.323463651668646,10,1.0,8
300m_roundtrip_5_e0002,300m_roundtrip_5,1.0,10.016084941154173,2,3.02225406905135,0.8130830160072756,1.6556621585110705,1.4237654231801362,13.0,0.11785714285714285,4.5,-0.03855555545952585,3.9076581942152226,10,4.161986510139463,31.196624929104182,10,0.7,7
300m_roundtrip_5_e0003,300m_roundtrip_5,0.9090909090909091,4.9537615963094055,3,2.163310244451261,0.36958851190930075,1.637234177956034,1.6585593697864516,16.9,0.11978021978021978,3.5,0.17458332787888745,2.1027473473330076,10,3.530093798444713,22.34205621667796,11,0.6,6
300m_roundtrip_5_e0004,300m_roundtrip_5,0.8,12.644593897786883,4,1.864256081400634,0.41922235342713,1.546293620094191,1.186680163572967,21.875,0.11904761904761904,3.0,-0.061666667461395264,2.656432338187379,8,3.3491198170320646,21.254618685205067,10,0.75,6
300m_roundtrip_5_e0005,300m_roundtrip_5,0.8888888888888888,23.24299987932935,5,0.8828909166664303,0.4334894563871871,3.1435781996216203,1.8812621356726098,15.5,0.1336996336996337,3.0,-1.2950001005083323,3.6240159097743017,8,4.751507345149789,29.417097805225048,9,0.625,5
100m_cross_10_e0001,100m_cross_10,1.0,20.2744135586451,1,69.76017948373263,0.7603246124714895,0.17650732363520744,0.19378857223663146,37.96666666666667,0.10762211486849169,52.0,-0.018620688660905278,0.6173668942270162,19,2.369688994018042,38.10298230078117,19,1.0,19
100m_cross_10_e0002,100m_cross_10,0.8235294117647058,9.344393142836413,2,28.51220850538187,0.922831676179011,0.17354123161039547,0.3139727856300849,37.3025078369906,0.0861513687600644,26.5,-0.04902777782020469,1.7457718449789934,14,3.2635354564510344,40.82484709423565,17,1.0,14
100m_cross_10_e0003,100m_cross_10,0.7857142857142857,38.69250295230657,3,18.930817637142265,0.9989642602176684,0.566156062081897,0.2904949397856149,38.20454545454545,0.022418478260869564,38.0,-0.046136364213783636,3.978284722143896,11,3.4170345931424064,61.548442347311344,14,1.0,11
100m_cross_10_e0004,100m_cross_10,0.8666666666666667,35.110905151888396,4,8.303865751405908,0.8604980041531061,2.4202117945827393,2.48440214961453,31.419354838709676,0.03216200119118522,39.0,-4.508602224370485,3.7448632028013815,13,4.632906894638148,45.95777548053506,15,1.0,13
100m_cross_10_e0005,100m_cross_10,1.0,7.9862574595963265,5,2.169872679588345,0.6298953238801549,2.3477644651404144,2.018040806275029,13.0,0.057971014492753624,3.0,-3.087272730740634,2.117425987820172,13,4.1920325712198965,28.988085515705244,13,0.6153846153846154,8
100m_cross_10_e0006,100m_cross_10,1.0,24.30665636227367,6,2.0315151565391574,0.9156713073806259,1.7292700411034243,1.7135726913601705,15.0,0.10144927536231885,5.0,0.03749999776482582,3.28988342390544,7,4.278124897786558,25.222144582807847,7,0.7142857142857143,5
100m_cross_10_e0007,100m_cross_10,0.7777777777777778,10.602706717485647,7,1.853006714129243,0.493306972142888,1.0196597686177005,2.564216346273153,12.0,0.12318840579710144,3.0,-0.043333335469166435,1.5578289516935535,7,3.111096424885515,16.354552063424652,9,0.7142857142857143,5
100m_cross_10_e0008,100m_cross_10,0.9166666666666666,16.745372282694042,8,1.8391802952884533,0.6112174008468023,2.2514807343833074,1.7077229797124809,15.0,0.1217391304347826,3.0,-0.5499999970197678,2.80409191866162,11,3.4875151131349966,32.770906277082645,12,0.5454545454545454,6
100m_cross_10_e0009,100m_cross_10,1.0,4.275098152565738,9,1.799535696424749,0.748270844256776,1.1516637520602084,0.7368890101824725,17.833333333333336,0.08333333333333334,3.0,0.16333333700895308,3.24267073376647,8,4.837335794739531,25.07037006401266,8,0.625,5
100m_cross_10_e0010,100m_cross_10,0.9,6.793075185607028,10,1.7901154481169241,0.40000561228196285,1.2915623508238565,0.0,14.25,0.1358695652173913,3.0,-0.16250000055879354,1.5022041982057757,9,3.3204741296871996,16.13344169796705,10,0.5555555555555556,5
100m_cross_10_e0011,100m_cross_10,1.0,10.20924748830634,11,1.7799688895545758,0.5194060458290162,1.699562956283195,0.0,15.25,0.1467391304347826,3.0,-1.1074999868869781,2.5034943423337452,7,2.923332771955166,14.177152209903209,7,0.7142857142857143,5
100m_cross_10_e0012,100m_cross_10,0.8,27.236399097404448,12,1.1078762098375488,0.7678314321461857,2.3328203055570693,0.971326580862434,14.5,0.09821428571428571,3.5,0.0033333323275049525,2.6128176891387502,8,4.711114046964337,32.2829936146287,10,0.625,5
100m_cross_5_e0001,100m_cross_5,0.9047619047619048,12.688740826425132,1,43.30877741663561,0.9940091347213232,0.14784123790194315,0.0,40.43478260869565,0.0625,40.0,-0.03365384733590942,1.9627903240683646,19,4.22633068597772,57.546240888627246,21,1.0,19
100m_cross_5_e0002,100m_cross_5,0.9285714285714286,22.091830682058003,2,41.60319153487188,0.9908703997401739,0.1118286960760698,0.0,40.87234042553192,0.0625,41.0,-0.11400000154972076,3.1548253325234517,13,2.7811239678459176,47.24902959936114,14,1.0,13
100m_cross_5_e0003,100m_cross_5,1.0,1.1968406293014127,3,4.003073588825655,0.4091427437871541,1.352191415230314,1.0270101886986631,15.5,0.15625,4.0,-0.1899999976158142,1.2582511143165283,13,3.4915685143622963,17.536884415527478,13,0.6923076923076923,9
100m_cross_5_e0004,100m_cross_5,1.0,6.326621324885635,4,1.0786041356110754,0.890072492259751,2.6507424032926448,0.7471063497770599,25.5,0.06770833333333334,3.0,-3.825416664282481,1.6663185641196276,6,3.1329258840610157,9.463337334569461,6,0.8333333333333334,5
200m_cross_10_e0001,200m_cross_10,1.0,10.5320842321135,1,40.94870804209797,0.9994437206426517,0.26685841493899465,0.244145221761079,30.011538461538464,0.051571800595238096,22.5,-0.15887424051119337,3.6050291928888165,18,3.7461603656313702,75.15335771160579,18,1.0,18
200m_cross_10_e0002,200m_cross_10,1.0,31.861423998726963,2,38.37278009658697,0.9996954269892437,0.31165820572784597,0.14848957739041663,28.55,0.03421052631578947,19.5,-0.09333333305807578,5.372479241010773,20,4.695742935672722,114.08332045480526,20,1.0,20
200m_cross_10_e0003,200m_cross_10,0.8181818181818182,30.814740845690224,3,13.907534275870887,0.9960992968253273,2.318579070000008,3.2140902329163925,28.105263157894736,0.047619047619047616,76.0,-5.815660341730657,2.931639720099967,9,1.4008537435775121,30.951490034796926,11,1.0,9
200m_cross_10_e0004,200m_cross_10,0.8181818181818182,43.863495364963484,4,8.041169691201938,0.9671624653208385,2.60569402468331,0.2516220156060847,20.30798319327731,0.0625,11.5,-4.972083330154419,2.4242142182995536,18,3.299178042453205,54.773193250949944,22,0.8333333333333334,15
200m_cross_10_e0005,200m_cross_10,1.0,16.88322001071722,5,7.668473654973772,0.9912940534160584,2.9085752200435864,2.1308441269652967,39.83594299788881,0.04134778911564625,70.0,-5.791734456196467,2.8987401273999054,8,2.4078222507294185,18.9901577471184,8,1.0,8
200m_cross_10_e0006,200m_cross_10,1.0,13.687732415810933,6,5.236600183162389,0.9599574365716219,0.5619982297127364,2.9434733602138072,15.166666666666668,0.1527777777777778,3.5,0.05500000109896064,1.9038293039238992,8,2.098031053434451,15.576429549021523,8,0.75,6
200m_cross_10_e0007,200m_cross_10,0.7272727272727273,5.582411854314993,7,4.705279648396532,0.413719110987473,1.036698388282038,0.30946003654069104,26.307692307692307,0.04092261904761905,15.0,-1.572463381748933,1.1950057830848744,8,3.275036991122929,17.219517507132714,11,0.875,7
200m_cross_10_e0008,200m_cross_10,0.8181818181818182,10.389346908011133,8,4.291421846396848,0.30772905608223444,0.3667438019925973,1.3543926214487279,21.333333333333332,0.1527777777777778,5.0,-0.029999999329447746,2.1592932626830788,9,5.342441664449368,22.85377127932327,11,0.8888888888888888,8
200m_cross_10_e0009,200m_cross_10,1.0,0.37247545603205956,9,3.1096817881485777,0.8907017241620652,2.6754682493078317,0.6847066582883973,10.666666666666666,0.11805555555555557,4.0,-0.11200000047683716,3.590270929155375,13,3.1084379155192536,37.36114692604833,13,0.6153846153846154,8
200m_cross_10_e0010,200m_cross_10,0.9473684210526315,5.3254919269715595,10,2.754087578389863,0.31701369186644107,3.474484906936861,1.6876660529667715,26.666666666666664,0.05260416666666667,3.5,-3.5869999647140505,2.6076921034741583,18,5.021013688357625,53.899890581774855,19,0.7222222222222222,13
200m_cross_10_e0011,200m_cross_10,0.9166666666666666,1.9955442043811846,11,2.286852867997374,0.6734413545558003,1.1498506316304358,1.4982137491548673,16.0,0.09375,3.0,-0.08000000110930866,3.0561342985050244,11,5.175467258633532,29.359781253225684,12,0.6363636363636364,7
200m_cross_10_e0012,200m_cross_10,1.0,10.029446440745703,12,2.2383655265686384,0.45902362544029884,2.036223082981506,0.09318371779179506,24.166666666666668,0.041666666666666664,3.0,-2.964999943971634,2.3971260798406036,11,4.339816696475474,25.37043068926738,11,0.7272727272727273,8
200m_cross_10_e0013,200m_cross_10,0.9230769230769231,33.322583054164255,13,1.8903326777479526,0.3495807002759397,1.8510976280153275,1.7603267734437238,17.666666666666664,0.11805555555555555,2.5,-0.2500000041909516,3.60934451132504,12,4.135464961683513,53.00483637961687,13,0.5,6
200m_cross_10_e0014,200m_cross_10,1.0,8.324569450697362,14,1.8071918768924995,0.8441824546831106,2.3717484114652896,2.0477867610289335,26.333333333333332,0.062499999999999986,5.0,-3.820000092188517,2.2109077962205457,7,3.6956477502962475,13.317531010737676,7,0.8571428571428571,6
200m_cross_10_e0015,200m_cross_10,0.7,19.759164800324072,15,1.3827870410455758,0.518459047403936,1.754997702081945,0.0,23.5,0.026041666666666664,4.0,-3.6111110581292047,3.9726198995869084,7,4.856695637369524,26.13154724727861,10,0.8571428571428571,6
200m_cross_10_e0016,200m_cross_10,1.0,11.16342270137718,16,1.2835066532734614,0.8466945607075489,2.7248192075094084,0.9512428058101172,14.333333333333332,0.13194444444444445,3.0,0.38433331698179246,2.9877849202223024,6,2.8071940172271255,12.817395506972048,6,0.8333333333333334,5
200m_cross_10_e0017,200m_cross_10,1.0,9.111826893717417,17,1.2778733509836844,0.4941194316263057,3.6223327452601692,2.006023249567958,16.416666666666664,0.13749999999999998,3.0,-0.4874999988824129,2.968878363651668,10,3.798959589026756,29.202361161478432,10,0.6,6
200m_cross_10_e0018,200m_cross_10,0.625,7.329307825774168,18,1.1806311632509894,0.4041009960291168,1.6434200365774512,1.5226901968997522,24.0,0.11458333333333336,4.0,-0.5820000022649765,1.590887143587853,5,3.0958499005557996,11.699454564687919,8,1.0,5
200m_cross_10_e0019,200m_cross_10,0.9230769230769231,9.467483397442752,19,1.139457530131132,0.39404633542465034,2.8063810382961374,0.04659185889589753,22.583333333333336,0.04513888888888888,2.5,-3.376666684945424,2.8102547304403886,12,4.9736467983816155,40.85248404062443,13,0.5,6
200m_cross_10_e0020,200m_cross_10,0.9,6.310363285471317,20,1.1329292176770314,0.7060648167472423,2.899987708693006,0.0,16.642857142857142,0.14583333333333334,3.0,-0.07500000298023224,3.507138914132244,9,3.8311492445350432,29.623012147821008,10,0.5555555555555556,5
200m_cross_10_e0021,200m_cross_10,0.7777777777777778,22.718991875432938,21,1.068837898278823,0.5108741124687172,2.327645831577762,0.0,19.0,0.0625,3.0,-0.029999999329447746,4.179978362924513,7,4.534274305525116,37.518599166804876,9,0.7142857142857143,5
200m_cross_10_e0022,200m_cross_10,0.8181818181818182,9.9932079761379,22,0.8896621443273244,0.3843429713598246,3.4881595287657836,0.0,23.0,0.0625,3.0,-2.7799999713897705,2.5013722997088683,9,4.659685369835637,26.679616291983226,11,0.6666666666666666,6
200m_cross_10_e0023,200m_cross_10,0.8571428571428571,8.5928829520757,23,0.8719836951801886,0.5041249910307128,3.365937374706774,2.3432129185281725,17.520833333333336,0.15494791666666669,3.5,-4.6925001591444016,2.1018304064448,6,3.4319478730817243,12.701461859634229,7,0.8333333333333334,5
200m_cross_10_e0024,200m_cross_10,0.9,13.777765909187861,24,0.84036002670575,0.3861365096312824,3.664945034375724,0.0,13.0,0.125,3.0,0.6299999952316284,1.8653761483661455,9,3.6634405228627758,17.738091993556502,10,0.5555555555555556,5
200m_cross_10_e0025,200m_cross_10,1.0,13.580320337752168,25,0.7637832911566611,0.5666825173596853,3.78117002055781,0.8868418418690678,15.5,0.1326388888888889,3.0,-0.05833333358168602,2.86975760204099,8,4.902387672265894,21.41241207063872,8,0.625,5
200m_cross_5_e0001,200m_cross_5,0.9545454545454546,43.81763997890323,1,62.83290252752103,0.9386123495854671,0.4265902123233638,1.815927574699475,22.884615384615383,0.1573641504794689,38.0,-0.2505263164639473,0.6540942679246198,21,1.8980578241787236,48.8823031769139,22,0.9047619047619048,19
200m_cross_5_e0002,200m_cross_5,0.972972972972973,38.552693561013,2,44.4836306514841,0.982117213371188,0.4162961228600225,0.0,28.74122807017544,0.024096385542168676,5.0,-0.1621428621666772,1.237648497776408,36,2.9035344514478165,93.6906610273536,37,0.8611111111111112,31
200m_cross_5_e0003,200m_cross_5,1.0,20.756672056269885,3,37.4020382203725,0.9995429724654927,0.5368610276074887,0.1773961614841435,29.555555555555557,0.018674698795180723,13.0,-0.16075396862265373,7.390618964235442,22,3.845202308977528,120.14718037445972,22,1.0,22
200m_cross_5_e0004,200m_cross_5,0.5,23.242368618406545,4,6.94997902398809,0.923101934467953,0.276488787782065,1.1782696080278787,18.583333333333332,0.028112449799196786,12.0,-0.12122449005136685,3.5039894365278004,5,1.3217693567503055,23.833328145000102,10,1.0,5
200m_cross_5_e0005,200m_cross_5,1.0,0.6472140601397262,5,5.894813464416272,0.5958607919188674,0.5071331322852549,2.2225100724809224,13.0,0.06475903614457831,3.0,0.4125000066123903,1.4560149125086934,12,2.86851504752249,14.715697230501894,12,0.75,9
200m_cross_5_e0006,200m_cross_5,0.875,3.0204573618230253,6,5.148355250492147,0.6825880001762257,0.33844184761590673,0.0,17.333333333333332,0.09103078982597054,6.0,-0.029999999329447746,0.6880630097179533,7,1.7201150669496352,5.263470327236041,8,0.8571428571428571,6
200m_cross_5_e0007,200m_cross_5,0.8461538461538461,14.934005746780347,7,2.6492731666755156,0.6483490540521323,2.4261643158193342,0.0,22.666666666666668,0.0963855421686747,3.0,-0.05000000074505806,2.603979843961126,11,3.1303848610294187,33.855978558107665,13,0.8181818181818182,9
200m_cross_5_e0008,200m_cross_5,1.0,8.243608929397102,8,2.2861090873454333,0.41539008669720034,0.7798298714624525,0.8949302610817874,12.714285714285714,0.10963855421686748,4.0,-0.5190000087022781,2.517191066897604,7,4.594151759088162,15.92108329732504,7,0.7142857142857143,5
200m_cross_5_e0009,200m_cross_5,0.8888888888888888,33.61045624467776,9,2.1360525599919034,0.7112769928102571,1.3736206677905236,1.8755882261527677,19.25,0.13353413654618473,3.0,0.10416652448475361,4.750318769130842,8,4.338957642465233,37.90868890409152,9,0.75,6
200m_cross_5_e0010,200m_cross_5,1.0,7.711074084354305,10,1.9919059294843182,0.33229676727232504,1.2879301787479207,0.9124748493832356,17.75,0.15963855421686746,3.5,-0.3149999945114056,2.1118957719887606,6,2.856137160926475,9.348199512771131,6,0.8333333333333334,5
200m_cross_5_e0011,200m_cross_5,0.75,8.102020117370623,11,1.479970676824211,0.893533350933753,1.9514042734346546,1.4399844056813573,21.42857142857143,0.02891566265060241,3.5,-1.0400000035762786,1.7240094101399874,6,2.4604291484733385,13.58289091269271,8,0.8333333333333334,5
200m_cross_5_e0012,200m_cross_5,1.0,18.573259140584252,12,1.016468268043927,0.783590838457533,3.6043444134823877,0.0,20.75,0.142570281124498,3.5,-0.09899999951012432,4.814110735670007,8,4.41892002509967,28.147290158980766,8,0.625,5
300m_cross_10_e0001,300m_cross_10,0.9333333333333333,67.97819666261942,1,16.18046560925782,0.9983820041338147,0.4645760374222109,0.0,22.0,0.031746031746031744,5.0,0.8950000256299973,3.8900544458223556,14,2.2983681615229714,69.03956801664891,15,0.7857142857142857,11
300m_cross_10_e0002,300m_cross_10,0.8333333333333334,98.78005274793215,2,7.414346831450027,0.999675307951596,1.2334821055619793,0.0,21.715384615384615,0.015873015873015872,3.5,2.56800000667572,9.99625195715438,10,1.787349906813078,98.81173969554146,12,0.8,8
300m_cross_10_e0003,300m_cross_10,0.9090909090909091,66.04519148085488,3,6.460838695549958,0.9995398982952923,0.8692735365743043,0.0667363393270266,23.253246753246753,0.030158730158730156,5.0,-1.5533333122730255,8.319352835771351,10,4.125240371937872,67.18840090253747,11,0.9,9
300m_cross_10_e0004,300m_cross_10,1.0,85.53173201094788,4,4.293699730200978,0.9999585058157753,1.8661366267504813,0.0,26.785714285714285,0.020634920634920634,5.5,-3.6349999847866243,13.617188719241371,8,3.749189902213026,85.53659651072853,8,0.875,7
300m_cross_10_e0005,300m_cross_10,0.8571428571428571,4.294157512117616,5,3.94808849924981,0.5843699768639239,0.43712230990657286,0.5033343954994535,19.833333333333332,0.0291005291005291,3.0,-1.2350000043710074,1.1602758969756863,6,1.183919265614684,7.0497096268465835,7,0.8333333333333334,5
300m_cross_10_e0006,300m_cross_10,1.0,5.950074721113423,6,3.4416794942494264,0.5453428721583288,0.4087326513486492,2.019639391867243,12.0,0.0873015873015873,3.0,-1.0775000005960464,1.5531720807837808,7,2.5757478707051895,11.196560666768079,7,0.7142857142857143,5
300m_cross_10_e0007,300m_cross_10,0.8571428571428571,93.44870395754278,7,3.210644808663807,0.9959253732429423,3.014575694717201,0.8798481063534969,23.125,0.015873015873015872,4.0,4.342708356678486,15.673284255516776,6,1.9229088984722427,93.7883281583048,7,1.0,6
300m_cross_10_e0008,300m_cross_10,0.9090909090909091,4.334253179640772,8,2.290796075736298,0.6147819552879968,1.6529012925684077,0.06459359161334623,21.666666666666664,0.06349206349206349,3.0,-2.3499999841054278,1.6835157503858946,10,2.8883193240049945,21.760779784332186,11,0.6,6
300m_cross_10_e0009,300m_cross_10,0.9,17.126281623964356,9,2.024633228270409,0.529257503261877,1.7086547952574906,0.0,17.0,0.15873015873015872,3.0,-0.0875000013038516,3.065230476585044,9,3.6765046293507258,29.749698861206674,10,0.6666666666666666,6
300m_cross_10_e0010,300m_cross_10,0.8888888888888888,6.435811247389856,10,0.9387257263151757,0.31334573276767697,3.0048778626514228,0.0,16.833333333333332,0.031746031746031744,3.0,-0.10166666470468044,3.0499956966128727,8,4.054599579965901,20.849868376281528,9,0.625,5
300m_cross_5_e0001,300m_cross_5,0.75,42.064374461943316,1,12.37896478588666,0.9960704629182966,0.3314849464063963,0.0,22.083333333333336,0.03125,4.0,0.13399999607354401,3.761178500910779,18,3.575503249003571,85.71976976484576,24,0.7777777777777778,14
300m_cross_5_e0002,300m_cross_5,1.0,53.32021495362893,2,6.483615157149806,0.9999546089693643,1.8649461451202056,0.0,21.166666666666668,0.018229166666666668,8.0,3.719999975628323,9.299196606016158,7,1.8353659592050464,53.32600562493424,7,0.8571428571428571,6
300m_cross_5_e0003,300m_cross_5,0.8888888888888888,61.73883401935124,3,4.016313451587108,0.999756972216179,1.5064344417309816,0.0,24.375,0.03125,6.5,-2.9337499986092253,6.846476085596457,8,4.154995072029917,61.75028300279331,9,0.875,7
300m_cross_5_e0004,300m_cross_5,1.0,15.298983391650841,4,1.868065771281363,0.3472957732673701,1.1705501656057289,0.0,18.0,0.109375,3.0,-0.006666666517655055,1.3163120374944806,9,4.16729082580215,19.547320556152375,9,0.5555555555555556,5
300m_cross_5_e0005,300m_cross_5,0.8888888888888888,12.688113423814436,5,1.3981759316100848,0.48364654153433717,1.6454297498719337,2.048545747611339,17.666666666666668,0.1171875,3.0,-0.10166664887219667,1.6554303083721982,8,3.9076483110307407,18.033014273657606,9,0.625,5
300m_cross_5_e0006,300m_cross_5,0.8571428571428571,42.75031707862296,6,1.305756281268235,0.9484547076440849,3.7810529486736204,2.021622322913501,19.666666666666664,0.12239583333333334,3.5,-0.08916666793326536,7.330562144990876,6,2.9672619452590707,45.629257626527796,7,0.8333333333333334,5
300m_cross_5_e0007,300m_cross_5,1.0,15.452168844995859,7,1.2388731646336237,0.7265372505545663,3.0836407876613876,2.019368623706581,19.083333333333336,0.14322916666666669,3.0,-0.0999999986961484,3.6876413250472515,10,4.8517331293482755,34.135017532358916,10,0.6,6
300m_cross_5_e0008,300m_cross_5,0.875,10.57201985520554,8,0.7590191952792956,0.3513214663920318,3.2093448007420706,0.0,21.0,0.03125,3.0,-0.6427777759316895,3.091008881968163,7,5.213344779184404,25.39301632327983,8,0.7142857142857143,5
300m_cross_5_e0009,300m_cross_5,1.0,9.138102056718356,9,0.7532887407607459,0.5083875313193671,3.5331840230546128,1.4238090164022026,19.166666666666668,0.1171875,3.5,-1.844166647021969,2.810666048360408,6,4.674409705033464,12.152213282128175,6,0.8333333333333334,5
