feature,paired_frames,target_median,clutter_median,target_high_auc,separation_auc,pooled_direction,sequences_consistent_with_pooled_direction,sequence_directions,status
node_score,80,0.9766169290591692,0.9802216761096902,0.46062499999999995,0.539375,target_lower,3,100m_cross_5:tie;100m_cross_10:lower;200m_cross_5:higher;200m_cross_10:lower;300m_cross_10:lower,DESCRIPTIVE_POST_HOC_DEV_SILVER
compactness_component,80,0.28090780438600427,0.2833816547257671,0.4528125,0.5471874999999999,target_lower,2,100m_cross_5:tie;100m_cross_10:lower;200m_cross_5:higher;200m_cross_10:lower;300m_cross_10:higher,DESCRIPTIVE_POST_HOC_DEV_SILVER
support_component,80,0.2,0.2,0.51171875,0.51171875,target_higher,0,100m_cross_5:tie;100m_cross_10:tie;200m_cross_5:tie;200m_cross_10:tie;300m_cross_10:tie,DESCRIPTIVE_POST_HOC_DEV_SILVER
extent_m,80,0.13151209221945592,0.11398680210113543,0.5471875,0.5471875,target_higher,2,100m_cross_5:tie;100m_cross_10:higher;200m_cross_5:lower;200m_cross_10:higher;300m_cross_10:lower,DESCRIPTIVE_POST_HOC_DEV_SILVER
raw_support,80,21.5,9.0,0.8495312499999998,0.8495312499999998,target_higher,4,100m_cross_5:higher;100m_cross_10:higher;200m_cross_5:higher;200m_cross_10:higher;300m_cross_10:lower,DESCRIPTIVE_POST_HOC_DEV_SILVER
speed_mps,75,4.551406464891326,0.08588010072619981,0.9223111111111111,0.9223111111111111,target_higher,5,100m_cross_5:higher;100m_cross_10:higher;200m_cross_5:higher;200m_cross_10:higher;300m_cross_10:higher,DESCRIPTIVE_POST_HOC_DEV_SILVER
acceleration_mps2,70,2.239744977667658,0.16550270515370558,0.8975510204081633,0.8975510204081633,target_higher,5,100m_cross_5:higher;100m_cross_10:higher;200m_cross_5:higher;200m_cross_10:higher;300m_cross_10:higher,DESCRIPTIVE_POST_HOC_DEV_SILVER
curvature_deg,70,2.4589272232797255,138.9598600376292,0.13326530612244897,0.8667346938775511,target_lower,5,100m_cross_5:lower;100m_cross_10:lower;200m_cross_5:lower;200m_cross_10:lower;300m_cross_10:lower,DESCRIPTIVE_POST_HOC_DEV_SILVER
range_m,80,202.72372764857437,204.0634861467654,0.3615625,0.6384375,target_lower,3,100m_cross_5:lower;100m_cross_10:lower;200m_cross_5:lower;200m_cross_10:higher;300m_cross_10:higher,DESCRIPTIVE_POST_HOC_DEV_SILVER
abs_measured_doppler_mps,80,0.7235507257822631,0.06458333320915699,0.86578125,0.86578125,target_higher,5,100m_cross_5:higher;100m_cross_10:higher;200m_cross_5:higher;200m_cross_10:higher;300m_cross_10:higher,DESCRIPTIVE_POST_HOC_DEV_SILVER
doppler_residual_mps,75,0.37906083260815,0.07076740035046299,0.8698666666666666,0.8698666666666666,target_higher,5,100m_cross_5:higher;100m_cross_10:higher;200m_cross_5:higher;200m_cross_10:higher;300m_cross_10:higher,DESCRIPTIVE_POST_HOC_DEV_SILVER
legacy_background_probability,80,0.0,0.9128787878787878,0.015156250000000012,0.98484375,target_lower,5,100m_cross_5:lower;100m_cross_10:lower;200m_cross_5:lower;200m_cross_10:lower;300m_cross_10:lower,DESCRIPTIVE_POST_HOC_DEV_SILVER
cell_revisit_fraction,80,0.0,1.0,0.016718750000000015,0.98328125,target_lower,5,100m_cross_5:lower;100m_cross_10:lower;200m_cross_5:lower;200m_cross_10:lower;300m_cross_10:lower,DESCRIPTIVE_POST_HOC_DEV_SILVER
neighborhood_revisit_fraction,80,0.03666666666666667,1.0,0.020000000000000018,0.98,target_lower,5,100m_cross_5:lower;100m_cross_10:lower;200m_cross_5:lower;200m_cross_10:lower;300m_cross_10:lower,DESCRIPTIVE_POST_HOC_DEV_SILVER
