condition_id,path_type,nodes,first_frame,last_frame,duration_s,span_frame_coverage,silver_hits,silver_labels,silver_recall,base_total,compactness_total,support_total,edge_gap_penalty_total,cumulative_score,node_score_mean,extent_median_m,raw_support_median,speed_median_mps,speed_p90_mps,acceleration_median_mps2,acceleration_p90_mps2,curvature_median_deg,range_median_m,measured_doppler_median_mps,measured_abs_doppler_median_mps,doppler_residual_median_mps,legacy_valid_fraction,legacy_background_probability_median,cell_revisit_fraction_median,neighborhood_revisit_fraction_median,legacy_static_or_initialization_fraction
100m_cross_5,top_clutter_full,32,0,31,31.002195835113525,1.5238095238095237,0,19,0.0,16.0,9.534047855166339,5.623521129363024,0.0,31.157568984529362,0.9736740307665426,0.0,6.0,0.20835619383838141,0.8006630348315753,0.34291878276809645,8.91995374610338,124.5544498865686,447.13242874506574,-0.13550000078976154,0.13699999935925006,0.1523809819258608,1.0,0.8180147058823529,0.875,0.875,0.96875
100m_cross_5,top_clutter_label_span,21,11,31,19.98710298538208,1.0,0,19,0.0,10.5,6.246792049672237,3.7914094450222966,0.0,20.538201494694533,0.9780095949854541,0.0,6.0,0.16707423340824623,0.2959579679801,0.2805110698962465,0.4789324861293277,141.10325238039883,447.1324292903858,-0.13111111231976086,0.13111111231976086,0.13552258546540058,1.0,0.8636363636363636,0.9047619047619048,0.9047619047619048,1.0
100m_cross_5,silver_feasible,21,11,31,19.98710298538208,1.0,19,19,1.0,10.5,5.7123386829008025,4.200000000000001,0.0,20.412338682900803,0.972016127757181,0.08342026219223442,40.0,1.9627903240683646,6.3765294290095165,2.4813936346323135,4.926853833328554,9.525953225013884,102.54957629183217,-0.03365384733590942,0.310727267509157,0.18472650178199465,1.0,0.0,0.0,0.07407407407407407,0.09523809523809523
100m_cross_10,top_clutter_full,46,0,45,44.98363757133484,3.2857142857142856,0,11,0.0,23.0,12.733019726975284,9.011760564681511,0.0,44.744780291656795,0.972712615036017,0.13197027842203823,8.5,0.12012969446887115,0.20418707615716372,0.21159680143808562,0.34087341095059265,131.31230202928936,204.06316467920539,-0.027777778605620064,0.042291666846722364,0.054493901211542614,1.0,0.957427536231884,1.0,1.0,1.0
100m_cross_10,top_clutter_label_span,14,18,31,13.019162893295288,1.0,0,11,0.0,7.0,3.8507162085410975,2.8000000000000003,0.0,13.650716208541098,0.9750511577529355,0.15433438618978101,8.0,0.15096660661063385,0.17231116053287177,0.1862386439536957,0.2982161664285617,119.4103318687439,204.07287675604556,-0.024999999130765598,0.05062500073108822,0.0702835786249873,1.0,0.9607692307692308,1.0,1.0,1.0
100m_cross_10,silver_feasible,13,18,31,13.019162893295288,0.9285714285714286,11,11,1.0,6.5,3.365949782906044,2.5796488803407853,0.25,12.19559866324683,0.957353743326679,0.277592320596014,37.0,4.336236010128221,9.810265884849484,2.456359725445394,4.014409734459901,1.831925918438875,116.67500128946048,-0.08243902481910659,1.7421052612756427,0.725925092925462,1.0,0.0,0.0,0.0,0.0
200m_cross_5,top_clutter_full,83,0,82,80.00244760513306,3.772727272727273,0,22,0.0,41.5,23.004527157171466,16.57964888034076,0.0,81.08417603751222,0.9769177835844851,0.13180414835611742,10.0,0.06711971857014887,0.16442824910007472,0.12547119363945483,0.288973492057454,140.05059129979577,204.05219617610382,-0.057272725823250686,0.057272725823250686,0.06438493401815423,1.0,0.9761904761904762,1.0,1.0,1.0
200m_cross_5,top_clutter_label_span,22,0,21,21.004581212997437,1.0,0,22,0.0,11.0,5.994782918711885,4.400000000000001,0.0,21.394782918711886,0.972490132668722,0.18121067682902137,9.0,0.06521091729069439,0.13446337910056178,0.11834349885741097,0.29097968749679626,146.07201572786278,204.05220588210943,-0.05888888912482394,0.05888888912482394,0.06463611914035633,1.0,0.9128787878787878,1.0,1.0,1.0
200m_cross_5,silver_feasible,22,0,21,21.004581212997437,1.0,22,22,1.0,11.0,5.73906070528315,4.354741122893818,0.0,21.09380182817697,0.9588091740080439,0.14634401879758907,13.0,7.021921576424938,10.023930157861567,1.099406733509832,3.7020330081040136,1.678960778918108,203.3010975027982,-0.16075396862265373,1.7334444284439088,1.1831535502092705,1.0,0.0,0.0,0.0,0.5454545454545454
200m_cross_10,top_clutter_full,48,0,47,46.98802185058594,2.6666666666666665,0,18,0.0,24.0,13.399191850562348,9.579648880340784,0.0,46.97884073090313,0.9787258485604817,0.12198226224808462,10.0,0.06331693656488238,0.16701182588876692,0.14317789608140025,0.31433239691395676,125.58287930994634,204.06220020208315,-0.028636364520273426,0.03519230824895203,0.042036571499239894,1.0,0.9591666666666667,1.0,1.0,1.0
200m_cross_10,top_clutter_label_span,18,30,47,16.983675003051758,1.0,0,18,0.0,9.0,5.036769999163318,3.579648880340786,0.0,17.616418879504106,0.978689937750228,0.12137806188492561,9.0,0.11077599714097065,0.2219909302413618,0.16763912806589498,0.3402595575791466,131.33014946437333,204.0510248588015,-0.017727272077040238,0.021111112005180784,0.0355145847975865,1.0,0.9746794871794872,1.0,1.0,1.0
200m_cross_10,silver_feasible,18,30,47,16.983675003051758,1.0,18,18,1.0,9.0,4.627318735862733,3.600000000000001,0.0,17.227318735862735,0.9570732631034853,0.2225238755637522,22.5,3.572499860294882,9.075251055119118,2.2047609386628,3.3917884047732,2.4526278874830654,205.21576154155022,-0.15887424051119337,0.5976282062793039,0.22685422147564405,1.0,0.0,0.02532051282051282,0.04706533776301218,0.16666666666666666
300m_cross_10,top_clutter_full,63,0,62,62.00867319107056,5.7272727272727275,0,10,0.0,31.5,17.380483775937922,12.599999999999987,0.0,61.480483775937905,0.9758806948561576,0.14651843479701654,10.0,0.07944534571131912,0.2299117419262937,0.1386383273246538,0.37319402466491297,141.87419270310116,204.0549084274415,-0.06888888859086567,0.06888888859086567,0.07528551479603993,1.0,0.96875,1.0,1.0,1.0
300m_cross_10,top_clutter_label_span,11,0,10,10.020837545394897,1.0,0,10,0.0,5.5,2.9862763214888464,2.1999999999999997,0.0,10.686276321488846,0.9714796655898951,0.2142490810818103,8.0,0.07240985863260271,0.10477872962413164,0.11719828909573063,0.17717517474248917,158.64335668192817,204.05995927224254,-0.08888888855775197,0.08888888855775197,0.07054938579624714,1.0,0.8333333333333334,1.0,1.0,1.0
300m_cross_10,silver_feasible,10,0,10,10.020837545394897,0.9090909090909091,10,10,1.0,5.0,2.685729490341644,1.6642233686814498,0.25,9.099952859023094,0.9349952859023094,0.0,5.0,8.576341234578928,12.305071096457201,3.186852230916341,4.543142986219114,1.3874007393932308,297.7659856796256,-1.5533333122730255,1.5533333122730255,1.2419425870413825,1.0,0.0,0.0,0.0,0.8
