method,condition_id,nominal_range_m,score_threshold,lidar_frames,label_frames,detected_frames,frame_recall,unmatched_candidates_labeled_frames,unmatched_candidates_per_labeled_frame,output_candidates_all_frames,output_candidates_per_lidar_frame,input_candidates_all_frames,candidate_reduction_fraction,center_error_mean_m,track_coverage_best_id,longest_miss_silver_observations,gap_count,recovered_gap_count,runtime_s,false_alarms_per_negative_frame
A_prime_legacy_corrected,100m_cross_5,100,,32,19,10,0.5263157894736842,150,7.894736842105263,181,5.65625,181,0.0,1.3067612942689723e-14,0.47368421052631576,8,2,1,0.23652132996357977,UNKNOWN_NO_RELIABLE_NEGATIVE_WINDOWS
B_khosravi_current,100m_cross_5,100,,32,19,8,0.42105263157894735,503,26.473684210526315,820,25.625,984,0.16666666666666663,0.04131061449904211,0.2631578947368421,4,5,4,0.1818246691254899,UNKNOWN_NO_RELIABLE_NEGATIVE_WINDOWS
minPts1_unaccumulated_DIAGNOSTIC,100m_cross_5,100,,32,19,19,1.0,1224,64.42105263157895,2072,64.75,2072,0.0,0.018642013676340885,0.8947368421052632,0,0,0,0.24196270294487476,UNKNOWN_NO_RELIABLE_NEGATIVE_WINDOWS
fixed_soft,100m_cross_5,100,0.68,32,19,1,0.05263157894736842,25,1.3157894736842106,60,1.875,2072,0.971042471042471,0.0,0.05263157894736842,16,1,0,0.3518971129087731,UNKNOWN_NO_RELIABLE_NEGATIVE_WINDOWS
adaptive_soft,100m_cross_5,100,0.68,32,19,1,0.05263157894736842,23,1.2105263157894737,56,1.75,2072,0.972972972972973,0.0,0.05263157894736842,16,1,0,0.36564765591174364,UNKNOWN_NO_RELIABLE_NEGATIVE_WINDOWS
adaptive_soft_doppler,100m_cross_5,100,0.68,32,19,1,0.05263157894736842,19,1.0,49,1.53125,2072,0.9763513513513513,0.0,0.05263157894736842,16,1,0,0.3491033910540864,UNKNOWN_NO_RELIABLE_NEGATIVE_WINDOWS
A_prime_legacy_corrected,100m_cross_10,100,,46,11,11,1.0,84,7.636363636363637,335,7.282608695652174,335,0.0,1.4510145024480022e-14,1.0,0,0,0,0.3493525410303846,UNKNOWN_NO_RELIABLE_NEGATIVE_WINDOWS
B_khosravi_current,100m_cross_10,100,,46,11,7,0.6363636363636364,240,21.818181818181817,1013,22.02173913043478,1220,0.16967213114754098,0.12880329350187908,0.6363636363636364,3,1,1,0.2447570270160213,UNKNOWN_NO_RELIABLE_NEGATIVE_WINDOWS
minPts1_unaccumulated_DIAGNOSTIC,100m_cross_10,100,,46,11,11,1.0,666,60.54545454545455,2781,60.45652173913044,2781,0.0,0.10198757805282364,1.0,0,0,0,0.3998779890825972,UNKNOWN_NO_RELIABLE_NEGATIVE_WINDOWS
fixed_soft,100m_cross_10,100,0.68,46,11,0,0.0,22,2.0,93,2.0217391304347827,2781,0.9665587918015103,,0.0,11,0,0,0.5161965100560337,UNKNOWN_NO_RELIABLE_NEGATIVE_WINDOWS
adaptive_soft,100m_cross_10,100,0.68,46,11,0,0.0,24,2.1818181818181817,80,1.7391304347826086,2781,0.9712333692916217,,0.0,11,0,0,0.5376048750476912,UNKNOWN_NO_RELIABLE_NEGATIVE_WINDOWS
adaptive_soft_doppler,100m_cross_10,100,0.68,46,11,0,0.0,13,1.1818181818181819,67,1.4565217391304348,2781,0.9759079467817332,,0.0,11,0,0,0.5237565389834344,UNKNOWN_NO_RELIABLE_NEGATIVE_WINDOWS
A_prime_legacy_corrected,200m_cross_5,200,,83,22,8,0.36363636363636365,99,4.5,566,6.819277108433735,566,0.0,0.1598337376236963,0.36363636363636365,14,0,0,0.6591227339813486,UNKNOWN_NO_RELIABLE_NEGATIVE_WINDOWS
B_khosravi_current,200m_cross_5,200,,83,22,11,0.5,500,22.727272727272727,1981,23.867469879518072,2326,0.148323301805675,0.17144051994018425,0.2727272727272727,8,3,2,0.3987136969808489,UNKNOWN_NO_RELIABLE_NEGATIVE_WINDOWS
minPts1_unaccumulated_DIAGNOSTIC,200m_cross_5,200,,83,22,22,1.0,1360,61.81818181818182,5202,62.674698795180724,5202,0.0,0.08987201391787353,1.0,0,0,0,0.651466295006685,UNKNOWN_NO_RELIABLE_NEGATIVE_WINDOWS
fixed_soft,200m_cross_5,200,0.68,83,22,3,0.13636363636363635,39,1.7727272727272727,150,1.8072289156626506,5202,0.9711649365628604,0.13482543507254438,0.13636363636363635,19,0,0,0.9437163838883862,UNKNOWN_NO_RELIABLE_NEGATIVE_WINDOWS
adaptive_soft,200m_cross_5,200,0.68,83,22,3,0.13636363636363635,37,1.6818181818181819,158,1.9036144578313252,5202,0.9696270665128797,0.09758416210079206,0.13636363636363635,13,1,1,0.9145805799635127,UNKNOWN_NO_RELIABLE_NEGATIVE_WINDOWS
adaptive_soft_doppler,200m_cross_5,200,0.68,83,22,4,0.18181818181818182,39,1.7727272727272727,151,1.819277108433735,5202,0.9709727028066129,0.08889321396198706,0.18181818181818182,13,2,2,0.920119988033548,UNKNOWN_NO_RELIABLE_NEGATIVE_WINDOWS
A_prime_legacy_corrected,200m_cross_10,200,,48,18,10,0.5555555555555556,96,5.333333333333333,234,4.875,234,0.0,0.2682793454015048,0.5555555555555556,6,3,2,0.28952762798871845,UNKNOWN_NO_RELIABLE_NEGATIVE_WINDOWS
B_khosravi_current,200m_cross_10,200,,48,18,12,0.6666666666666666,469,26.055555555555557,1182,24.625,1399,0.15511079342387424,0.160688017521829,0.6111111111111112,3,4,4,0.22350484400521964,UNKNOWN_NO_RELIABLE_NEGATIVE_WINDOWS
minPts1_unaccumulated_DIAGNOSTIC,200m_cross_10,200,,48,18,18,1.0,1112,61.77777777777778,3068,63.916666666666664,3068,0.0,0.10816068799430584,1.0,0,0,0,0.4373785681091249,UNKNOWN_NO_RELIABLE_NEGATIVE_WINDOWS
fixed_soft,200m_cross_10,200,0.68,48,18,2,0.1111111111111111,19,1.0555555555555556,89,1.8541666666666667,3068,0.9709908735332464,0.07508492679181192,0.1111111111111111,12,1,0,0.5513774331193417,UNKNOWN_NO_RELIABLE_NEGATIVE_WINDOWS
adaptive_soft,200m_cross_10,200,0.68,48,18,1,0.05555555555555555,23,1.2777777777777777,90,1.875,3068,0.970664928292047,0.11696082340656376,0.05555555555555555,12,1,0,0.5618210671236739,UNKNOWN_NO_RELIABLE_NEGATIVE_WINDOWS
adaptive_soft_doppler,200m_cross_10,200,0.68,48,18,1,0.05555555555555555,15,0.8333333333333334,70,1.4583333333333333,3068,0.9771838331160365,0.11696082340656376,0.05555555555555555,12,1,0,0.5621630371315405,UNKNOWN_NO_RELIABLE_NEGATIVE_WINDOWS
A_prime_legacy_corrected,300m_cross_10,300,,63,10,2,0.2,16,1.6,311,4.936507936507937,311,0.0,3.6791825038594e-14,0.2,8,0,0,0.3751517808996141,UNKNOWN_NO_RELIABLE_NEGATIVE_WINDOWS
B_khosravi_current,300m_cross_10,300,,63,10,3,0.3,202,20.2,1500,23.80952380952381,1780,0.1573033707865169,0.5131753193894871,0.3,4,2,1,0.28932301397435367,UNKNOWN_NO_RELIABLE_NEGATIVE_WINDOWS
minPts1_unaccumulated_DIAGNOSTIC,300m_cross_10,300,,63,10,10,1.0,631,63.1,3872,61.46031746031746,3872,0.0,0.18258655203815377,1.0,0,0,0,0.4700642590178177,UNKNOWN_NO_RELIABLE_NEGATIVE_WINDOWS
fixed_soft,300m_cross_10,300,0.68,63,10,1,0.1,35,3.5,123,1.9523809523809523,3872,0.9682334710743802,0.0,0.1,8,1,0,0.6340626779710874,UNKNOWN_NO_RELIABLE_NEGATIVE_WINDOWS
adaptive_soft,300m_cross_10,300,0.68,63,10,2,0.2,42,4.2,134,2.126984126984127,3872,0.9653925619834711,0.0,0.2,7,1,0,0.71568498108536,UNKNOWN_NO_RELIABLE_NEGATIVE_WINDOWS
adaptive_soft_doppler,300m_cross_10,300,0.68,63,10,2,0.2,40,4.0,131,2.0793650793650795,3872,0.9661673553719008,0.0,0.2,7,1,0,0.657661149976775,UNKNOWN_NO_RELIABLE_NEGATIVE_WINDOWS
A_prime_legacy_corrected,ALL,100,,78,30,21,0.7,234,7.8,516,6.615384615384615,516,0.0,,,8,2,1,0.5858738709939644,UNKNOWN_NO_RELIABLE_NEGATIVE_WINDOWS
A_prime_legacy_corrected,ALL,200,,131,40,18,0.45,195,4.875,800,6.106870229007634,800,0.0,,,14,3,2,0.948650361970067,UNKNOWN_NO_RELIABLE_NEGATIVE_WINDOWS
A_prime_legacy_corrected,ALL,300,,63,10,2,0.2,16,1.6,311,4.936507936507937,311,0.0,,,8,0,0,0.3751517808996141,UNKNOWN_NO_RELIABLE_NEGATIVE_WINDOWS
B_khosravi_current,ALL,100,,78,30,15,0.5,743,24.766666666666666,1833,23.5,2204,0.16833030852994557,,,4,6,5,0.4265816961415112,UNKNOWN_NO_RELIABLE_NEGATIVE_WINDOWS
B_khosravi_current,ALL,200,,131,40,23,0.575,969,24.225,3163,24.14503816793893,3725,0.1508724832214765,,,8,7,6,0.6222185409860685,UNKNOWN_NO_RELIABLE_NEGATIVE_WINDOWS
B_khosravi_current,ALL,300,,63,10,3,0.3,202,20.2,1500,23.80952380952381,1780,0.1573033707865169,,,4,2,1,0.28932301397435367,UNKNOWN_NO_RELIABLE_NEGATIVE_WINDOWS
fixed_soft,ALL,100,0.68,78,30,1,0.03333333333333333,47,1.5666666666666667,153,1.9615384615384615,4853,0.9684731094168556,,,16,1,0,0.8680936229648069,UNKNOWN_NO_RELIABLE_NEGATIVE_WINDOWS
fixed_soft,ALL,200,0.68,131,40,5,0.125,58,1.45,239,1.8244274809160306,8270,0.9711003627569529,,,19,1,0,1.495093817007728,UNKNOWN_NO_RELIABLE_NEGATIVE_WINDOWS
fixed_soft,ALL,300,0.68,63,10,1,0.1,35,3.5,123,1.9523809523809523,3872,0.9682334710743802,,,8,1,0,0.6340626779710874,UNKNOWN_NO_RELIABLE_NEGATIVE_WINDOWS
adaptive_soft,ALL,100,0.68,78,30,1,0.03333333333333333,47,1.5666666666666667,136,1.7435897435897436,4853,0.9719760972594271,,,16,1,0,0.9032525309594348,UNKNOWN_NO_RELIABLE_NEGATIVE_WINDOWS
adaptive_soft,ALL,200,0.68,131,40,4,0.1,60,1.5,248,1.8931297709923665,8270,0.9700120918984281,,,13,2,1,1.4764016470871866,UNKNOWN_NO_RELIABLE_NEGATIVE_WINDOWS
adaptive_soft,ALL,300,0.68,63,10,2,0.2,42,4.2,134,2.126984126984127,3872,0.9653925619834711,,,7,1,0,0.71568498108536,UNKNOWN_NO_RELIABLE_NEGATIVE_WINDOWS
adaptive_soft_doppler,ALL,100,0.68,78,30,1,0.03333333333333333,32,1.0666666666666667,116,1.4871794871794872,4853,0.9760972594271584,,,16,1,0,0.8728599300375208,UNKNOWN_NO_RELIABLE_NEGATIVE_WINDOWS
adaptive_soft_doppler,ALL,200,0.68,131,40,5,0.125,54,1.35,221,1.6870229007633588,8270,0.9732769044740024,,,13,3,2,1.4822830251650885,UNKNOWN_NO_RELIABLE_NEGATIVE_WINDOWS
adaptive_soft_doppler,ALL,300,0.68,63,10,2,0.2,40,4.0,131,2.0793650793650795,3872,0.9661673553719008,,,7,1,0,0.657661149976775,UNKNOWN_NO_RELIABLE_NEGATIVE_WINDOWS
minPts1_unaccumulated_DIAGNOSTIC,ALL,100,,78,30,30,1.0,1890,63.0,4853,62.217948717948715,4853,0.0,,,0,0,0,0.641840692027472,UNKNOWN_NO_RELIABLE_NEGATIVE_WINDOWS
minPts1_unaccumulated_DIAGNOSTIC,ALL,200,,131,40,40,1.0,2472,61.8,8270,63.12977099236641,8270,0.0,,,0,0,0,1.0888448631158099,UNKNOWN_NO_RELIABLE_NEGATIVE_WINDOWS
minPts1_unaccumulated_DIAGNOSTIC,ALL,300,,63,10,10,1.0,631,63.1,3872,61.46031746031746,3872,0.0,,,0,0,0,0.4700642590178177,UNKNOWN_NO_RELIABLE_NEGATIVE_WINDOWS
