method,condition_id,nominal_range_m,frame_index,detected,candidate_count,unmatched_candidates,center_error_m,matched_track_id,matched_evidence_score
A_prime_legacy_corrected,100m_cross_5,100,11,True,10,9,1.3322676295501878e-15,7,nan
A_prime_legacy_corrected,100m_cross_5,100,12,True,3,2,1.507288760336424e-14,7,nan
A_prime_legacy_corrected,100m_cross_5,100,14,True,8,7,1.4458497151625688e-14,7,nan
A_prime_legacy_corrected,100m_cross_5,100,15,True,6,5,1.790180836524724e-14,7,nan
A_prime_legacy_corrected,100m_cross_5,100,16,True,5,4,2.892040412512553e-14,7,nan
A_prime_legacy_corrected,100m_cross_5,100,17,True,8,7,4.189529226675416e-15,7,nan
A_prime_legacy_corrected,100m_cross_5,100,18,True,6,5,1.4217791915866692e-14,7,nan
A_prime_legacy_corrected,100m_cross_5,100,20,True,11,10,1.4762209355896038e-14,7,nan
A_prime_legacy_corrected,100m_cross_5,100,21,True,8,7,5.497566137053743e-15,7,nan
A_prime_legacy_corrected,100m_cross_5,100,22,False,4,4,,,
A_prime_legacy_corrected,100m_cross_5,100,23,False,10,10,,,
A_prime_legacy_corrected,100m_cross_5,100,24,False,8,8,,,
A_prime_legacy_corrected,100m_cross_5,100,25,False,9,9,,,
A_prime_legacy_corrected,100m_cross_5,100,26,False,11,11,,,
A_prime_legacy_corrected,100m_cross_5,100,27,False,9,9,,,
A_prime_legacy_corrected,100m_cross_5,100,28,False,12,12,,,
A_prime_legacy_corrected,100m_cross_5,100,29,False,10,10,,,
A_prime_legacy_corrected,100m_cross_5,100,30,True,16,15,1.4323167916492475e-14,40,nan
A_prime_legacy_corrected,100m_cross_5,100,31,False,6,6,,,
B_khosravi_current,100m_cross_5,100,11,False,23,23,,,
B_khosravi_current,100m_cross_5,100,12,True,28,27,0.005820553682446432,57,
B_khosravi_current,100m_cross_5,100,14,True,30,29,0.007297051713372048,40,
B_khosravi_current,100m_cross_5,100,15,True,28,27,0.01563611659653274,40,
B_khosravi_current,100m_cross_5,100,16,False,26,26,,,
B_khosravi_current,100m_cross_5,100,17,False,23,23,,,
B_khosravi_current,100m_cross_5,100,18,False,24,24,,,
B_khosravi_current,100m_cross_5,100,20,True,32,31,0.14606205305201955,75,
B_khosravi_current,100m_cross_5,100,21,False,28,28,,,
B_khosravi_current,100m_cross_5,100,22,True,28,27,0.07524691621350521,75,
B_khosravi_current,100m_cross_5,100,23,True,25,24,0.020650576732028247,75,
B_khosravi_current,100m_cross_5,100,24,False,28,28,,,
B_khosravi_current,100m_cross_5,100,25,True,30,29,0.015604103736293989,75,
B_khosravi_current,100m_cross_5,100,26,False,27,27,,,
B_khosravi_current,100m_cross_5,100,27,True,30,29,0.04416754426613861,75,
B_khosravi_current,100m_cross_5,100,28,False,22,22,,,
B_khosravi_current,100m_cross_5,100,29,False,25,25,,,
B_khosravi_current,100m_cross_5,100,30,False,26,26,,,
B_khosravi_current,100m_cross_5,100,31,False,28,28,,,
fixed_soft,100m_cross_5,100,11,False,2,2,,,
fixed_soft,100m_cross_5,100,12,False,0,0,,,
fixed_soft,100m_cross_5,100,14,False,0,0,,,
fixed_soft,100m_cross_5,100,15,False,3,3,,,
fixed_soft,100m_cross_5,100,16,False,0,0,,,
fixed_soft,100m_cross_5,100,17,False,1,1,,,
fixed_soft,100m_cross_5,100,18,False,0,0,,,
fixed_soft,100m_cross_5,100,20,False,3,3,,,
fixed_soft,100m_cross_5,100,21,False,2,2,,,
fixed_soft,100m_cross_5,100,22,False,0,0,,,
fixed_soft,100m_cross_5,100,23,False,1,1,,,
fixed_soft,100m_cross_5,100,24,False,0,0,,,
fixed_soft,100m_cross_5,100,25,False,3,3,,,
fixed_soft,100m_cross_5,100,26,False,1,1,,,
fixed_soft,100m_cross_5,100,27,False,1,1,,,
fixed_soft,100m_cross_5,100,28,False,1,1,,,
fixed_soft,100m_cross_5,100,29,True,2,1,0.0,102,0.6995267966840937
fixed_soft,100m_cross_5,100,30,False,5,5,,,
fixed_soft,100m_cross_5,100,31,False,1,1,,,
adaptive_soft,100m_cross_5,100,11,False,1,1,,,
adaptive_soft,100m_cross_5,100,12,False,0,0,,,
adaptive_soft,100m_cross_5,100,14,False,0,0,,,
adaptive_soft,100m_cross_5,100,15,False,2,2,,,
adaptive_soft,100m_cross_5,100,16,False,0,0,,,
adaptive_soft,100m_cross_5,100,17,False,2,2,,,
adaptive_soft,100m_cross_5,100,18,False,0,0,,,
adaptive_soft,100m_cross_5,100,20,False,2,2,,,
adaptive_soft,100m_cross_5,100,21,False,0,0,,,
adaptive_soft,100m_cross_5,100,22,False,3,3,,,
adaptive_soft,100m_cross_5,100,23,False,1,1,,,
adaptive_soft,100m_cross_5,100,24,False,1,1,,,
adaptive_soft,100m_cross_5,100,25,False,4,4,,,
adaptive_soft,100m_cross_5,100,26,False,2,2,,,
adaptive_soft,100m_cross_5,100,27,False,1,1,,,
adaptive_soft,100m_cross_5,100,28,False,0,0,,,
adaptive_soft,100m_cross_5,100,29,True,1,0,0.0,98,0.6941397784039192
adaptive_soft,100m_cross_5,100,30,False,2,2,,,
adaptive_soft,100m_cross_5,100,31,False,2,2,,,
adaptive_soft_doppler,100m_cross_5,100,11,False,1,1,,,
adaptive_soft_doppler,100m_cross_5,100,12,False,0,0,,,
adaptive_soft_doppler,100m_cross_5,100,14,False,0,0,,,
adaptive_soft_doppler,100m_cross_5,100,15,False,1,1,,,
adaptive_soft_doppler,100m_cross_5,100,16,False,0,0,,,
adaptive_soft_doppler,100m_cross_5,100,17,False,2,2,,,
adaptive_soft_doppler,100m_cross_5,100,18,False,0,0,,,
adaptive_soft_doppler,100m_cross_5,100,20,False,2,2,,,
adaptive_soft_doppler,100m_cross_5,100,21,False,0,0,,,
adaptive_soft_doppler,100m_cross_5,100,22,False,2,2,,,
adaptive_soft_doppler,100m_cross_5,100,23,False,0,0,,,
adaptive_soft_doppler,100m_cross_5,100,24,False,1,1,,,
adaptive_soft_doppler,100m_cross_5,100,25,False,4,4,,,
adaptive_soft_doppler,100m_cross_5,100,26,False,2,2,,,
adaptive_soft_doppler,100m_cross_5,100,27,False,1,1,,,
adaptive_soft_doppler,100m_cross_5,100,28,False,0,0,,,
adaptive_soft_doppler,100m_cross_5,100,29,True,1,0,0.0,98,0.6978362266801361
adaptive_soft_doppler,100m_cross_5,100,30,False,1,1,,,
adaptive_soft_doppler,100m_cross_5,100,31,False,2,2,,,
A_prime_legacy_corrected,100m_cross_10,100,18,True,7,6,1.4273168140722167e-14,24,nan
A_prime_legacy_corrected,100m_cross_10,100,19,True,8,7,2.8728830851384875e-14,24,nan
A_prime_legacy_corrected,100m_cross_10,100,20,True,6,5,7.229248575812844e-15,24,nan
A_prime_legacy_corrected,100m_cross_10,100,21,True,8,7,3.66205343881779e-15,24,nan
A_prime_legacy_corrected,100m_cross_10,100,22,True,12,11,1.544128260874241e-14,24,nan
A_prime_legacy_corrected,100m_cross_10,100,23,True,8,7,1.432144669219779e-14,24,nan
A_prime_legacy_corrected,100m_cross_10,100,24,True,7,6,2.881108966212159e-14,24,nan
A_prime_legacy_corrected,100m_cross_10,100,25,True,11,10,2.220446049250313e-15,24,nan
A_prime_legacy_corrected,100m_cross_10,100,26,True,10,9,1.4654943925052066e-14,24,nan
A_prime_legacy_corrected,100m_cross_10,100,28,True,8,7,1.422645865968639e-14,24,nan
A_prime_legacy_corrected,100m_cross_10,100,31,True,10,9,1.6042626665492003e-14,24,nan
B_khosravi_current,100m_cross_10,100,18,False,23,23,,,
B_khosravi_current,100m_cross_10,100,19,True,20,19,0.1904685090189533,71,
B_khosravi_current,100m_cross_10,100,20,True,23,22,0.016942190606250893,71,
B_khosravi_current,100m_cross_10,100,21,True,19,18,0.05047818138187933,71,
B_khosravi_current,100m_cross_10,100,22,False,20,20,,,
B_khosravi_current,100m_cross_10,100,23,False,24,24,,,
B_khosravi_current,100m_cross_10,100,24,False,22,22,,,
B_khosravi_current,100m_cross_10,100,25,True,24,23,0.1320470190968042,71,
B_khosravi_current,100m_cross_10,100,26,True,21,20,0.10361393908349212,71,
B_khosravi_current,100m_cross_10,100,28,True,27,26,0.3989952484574772,71,
B_khosravi_current,100m_cross_10,100,31,True,24,23,0.009077966868296584,71,
fixed_soft,100m_cross_10,100,18,False,3,3,,,
fixed_soft,100m_cross_10,100,19,False,0,0,,,
fixed_soft,100m_cross_10,100,20,False,2,2,,,
fixed_soft,100m_cross_10,100,21,False,6,6,,,
fixed_soft,100m_cross_10,100,22,False,1,1,,,
fixed_soft,100m_cross_10,100,23,False,1,1,,,
fixed_soft,100m_cross_10,100,24,False,0,0,,,
fixed_soft,100m_cross_10,100,25,False,3,3,,,
fixed_soft,100m_cross_10,100,26,False,3,3,,,
fixed_soft,100m_cross_10,100,28,False,1,1,,,
fixed_soft,100m_cross_10,100,31,False,2,2,,,
adaptive_soft,100m_cross_10,100,18,False,3,3,,,
adaptive_soft,100m_cross_10,100,19,False,0,0,,,
adaptive_soft,100m_cross_10,100,20,False,2,2,,,
adaptive_soft,100m_cross_10,100,21,False,5,5,,,
adaptive_soft,100m_cross_10,100,22,False,3,3,,,
adaptive_soft,100m_cross_10,100,23,False,2,2,,,
adaptive_soft,100m_cross_10,100,24,False,2,2,,,
adaptive_soft,100m_cross_10,100,25,False,1,1,,,
adaptive_soft,100m_cross_10,100,26,False,2,2,,,
adaptive_soft,100m_cross_10,100,28,False,0,0,,,
adaptive_soft,100m_cross_10,100,31,False,4,4,,,
adaptive_soft_doppler,100m_cross_10,100,18,False,1,1,,,
adaptive_soft_doppler,100m_cross_10,100,19,False,0,0,,,
adaptive_soft_doppler,100m_cross_10,100,20,False,1,1,,,
adaptive_soft_doppler,100m_cross_10,100,21,False,3,3,,,
adaptive_soft_doppler,100m_cross_10,100,22,False,1,1,,,
adaptive_soft_doppler,100m_cross_10,100,23,False,1,1,,,
adaptive_soft_doppler,100m_cross_10,100,24,False,2,2,,,
adaptive_soft_doppler,100m_cross_10,100,25,False,1,1,,,
adaptive_soft_doppler,100m_cross_10,100,26,False,0,0,,,
adaptive_soft_doppler,100m_cross_10,100,28,False,0,0,,,
adaptive_soft_doppler,100m_cross_10,100,31,False,3,3,,,
A_prime_legacy_corrected,200m_cross_5,200,0,False,0,0,,,
A_prime_legacy_corrected,200m_cross_5,200,1,False,0,0,,,
A_prime_legacy_corrected,200m_cross_5,200,2,False,0,0,,,
A_prime_legacy_corrected,200m_cross_5,200,3,False,0,0,,,
A_prime_legacy_corrected,200m_cross_5,200,4,False,0,0,,,
A_prime_legacy_corrected,200m_cross_5,200,5,False,0,0,,,
A_prime_legacy_corrected,200m_cross_5,200,6,False,0,0,,,
A_prime_legacy_corrected,200m_cross_5,200,7,False,0,0,,,
A_prime_legacy_corrected,200m_cross_5,200,8,False,5,5,,,
A_prime_legacy_corrected,200m_cross_5,200,9,False,7,7,,,
A_prime_legacy_corrected,200m_cross_5,200,10,False,5,5,,,
A_prime_legacy_corrected,200m_cross_5,200,11,False,5,5,,,
A_prime_legacy_corrected,200m_cross_5,200,12,False,5,5,,,
A_prime_legacy_corrected,200m_cross_5,200,13,False,5,5,,,
A_prime_legacy_corrected,200m_cross_5,200,14,True,7,6,7.105427357601002e-15,16,nan
A_prime_legacy_corrected,200m_cross_5,200,15,True,10,9,0.6597375686861774,16,nan
A_prime_legacy_corrected,200m_cross_5,200,16,True,8,7,2.8435583831733384e-14,16,nan
A_prime_legacy_corrected,200m_cross_5,200,17,True,4,3,2.7577367830154345e-15,16,nan
A_prime_legacy_corrected,200m_cross_5,200,18,True,6,5,0.14822892396209048,16,nan
A_prime_legacy_corrected,200m_cross_5,200,19,True,10,9,0.47070340834120483,16,nan
A_prime_legacy_corrected,200m_cross_5,200,20,True,14,13,2.985983988781669e-14,16,nan
A_prime_legacy_corrected,200m_cross_5,200,21,True,16,15,2.935023183045314e-14,16,nan
B_khosravi_current,200m_cross_5,200,0,False,0,0,,,
B_khosravi_current,200m_cross_5,200,1,True,21,20,0.06282036954557205,9,
B_khosravi_current,200m_cross_5,200,2,True,24,23,0.039742918903423005,9,
B_khosravi_current,200m_cross_5,200,3,True,22,21,0.05303861428281168,9,
B_khosravi_current,200m_cross_5,200,4,True,24,23,0.0781328029344061,9,
B_khosravi_current,200m_cross_5,200,5,False,24,24,,,
B_khosravi_current,200m_cross_5,200,6,True,19,18,0.19983150480596207,9,
B_khosravi_current,200m_cross_5,200,7,False,22,22,,,
B_khosravi_current,200m_cross_5,200,8,False,21,21,,,
B_khosravi_current,200m_cross_5,200,9,False,26,26,,,
B_khosravi_current,200m_cross_5,200,10,False,28,28,,,
B_khosravi_current,200m_cross_5,200,11,False,27,27,,,
B_khosravi_current,200m_cross_5,200,12,False,27,27,,,
B_khosravi_current,200m_cross_5,200,13,False,23,23,,,
B_khosravi_current,200m_cross_5,200,14,False,22,22,,,
B_khosravi_current,200m_cross_5,200,15,True,23,22,0.5937638118175402,64,
B_khosravi_current,200m_cross_5,200,16,True,28,27,0.2031485681636589,64,
B_khosravi_current,200m_cross_5,200,17,True,28,27,0.14992931406059204,64,
B_khosravi_current,200m_cross_5,200,18,True,25,24,0.10096150961042755,64,
B_khosravi_current,200m_cross_5,200,19,True,26,25,0.311555323721219,64,
B_khosravi_current,200m_cross_5,200,20,True,28,27,0.09292098149641409,64,
B_khosravi_current,200m_cross_5,200,21,False,23,23,,,
fixed_soft,200m_cross_5,200,0,False,0,0,,,
fixed_soft,200m_cross_5,200,1,False,8,8,,,
fixed_soft,200m_cross_5,200,2,False,6,6,,,
fixed_soft,200m_cross_5,200,3,False,3,3,,,
fixed_soft,200m_cross_5,200,4,False,1,1,,,
fixed_soft,200m_cross_5,200,5,False,2,2,,,
fixed_soft,200m_cross_5,200,6,False,0,0,,,
fixed_soft,200m_cross_5,200,7,False,3,3,,,
fixed_soft,200m_cross_5,200,8,False,3,3,,,
fixed_soft,200m_cross_5,200,9,False,1,1,,,
fixed_soft,200m_cross_5,200,10,False,1,1,,,
fixed_soft,200m_cross_5,200,11,False,1,1,,,
fixed_soft,200m_cross_5,200,12,False,0,0,,,
fixed_soft,200m_cross_5,200,13,False,0,0,,,
fixed_soft,200m_cross_5,200,14,False,0,0,,,
fixed_soft,200m_cross_5,200,15,False,1,1,,,
fixed_soft,200m_cross_5,200,16,False,1,1,,,
fixed_soft,200m_cross_5,200,17,False,2,2,,,
fixed_soft,200m_cross_5,200,18,False,2,2,,,
fixed_soft,200m_cross_5,200,19,True,4,3,0.311555323721219,15,0.7012052250728191
fixed_soft,200m_cross_5,200,20,True,2,1,0.09292098149641409,15,0.7252384636786441
fixed_soft,200m_cross_5,200,21,True,1,0,0.0,15,0.7516952918660749
adaptive_soft,200m_cross_5,200,0,False,0,0,,,
adaptive_soft,200m_cross_5,200,1,False,8,8,,,
adaptive_soft,200m_cross_5,200,2,False,6,6,,,
adaptive_soft,200m_cross_5,200,3,False,3,3,,,
adaptive_soft,200m_cross_5,200,4,False,1,1,,,
adaptive_soft,200m_cross_5,200,5,False,3,3,,,
adaptive_soft,200m_cross_5,200,6,True,1,0,0.19983150480596207,15,0.7115531333620437
adaptive_soft,200m_cross_5,200,7,False,3,3,,,
adaptive_soft,200m_cross_5,200,8,False,3,3,,,
adaptive_soft,200m_cross_5,200,9,False,1,1,,,
adaptive_soft,200m_cross_5,200,10,False,0,0,,,
adaptive_soft,200m_cross_5,200,11,False,1,1,,,
adaptive_soft,200m_cross_5,200,12,False,0,0,,,
adaptive_soft,200m_cross_5,200,13,False,0,0,,,
adaptive_soft,200m_cross_5,200,14,False,0,0,,,
adaptive_soft,200m_cross_5,200,15,False,1,1,,,
adaptive_soft,200m_cross_5,200,16,False,1,1,,,
adaptive_soft,200m_cross_5,200,17,False,0,0,,,
adaptive_soft,200m_cross_5,200,18,False,0,0,,,
adaptive_soft,200m_cross_5,200,19,False,3,3,,,
adaptive_soft,200m_cross_5,200,20,True,3,2,0.09292098149641409,15,0.7082372022677649
adaptive_soft,200m_cross_5,200,21,True,2,1,0.0,15,0.7290412343952197
adaptive_soft_doppler,200m_cross_5,200,0,False,0,0,,,
adaptive_soft_doppler,200m_cross_5,200,1,True,10,9,0.06282036954557205,15,0.684358321777671
adaptive_soft_doppler,200m_cross_5,200,2,False,5,5,,,
adaptive_soft_doppler,200m_cross_5,200,3,False,3,3,,,
adaptive_soft_doppler,200m_cross_5,200,4,False,2,2,,,
adaptive_soft_doppler,200m_cross_5,200,5,False,2,2,,,
adaptive_soft_doppler,200m_cross_5,200,6,True,3,2,0.19983150480596207,15,0.7157441067629794
adaptive_soft_doppler,200m_cross_5,200,7,False,1,1,,,
adaptive_soft_doppler,200m_cross_5,200,8,False,4,4,,,
adaptive_soft_doppler,200m_cross_5,200,9,False,2,2,,,
adaptive_soft_doppler,200m_cross_5,200,10,False,0,0,,,
adaptive_soft_doppler,200m_cross_5,200,11,False,2,2,,,
adaptive_soft_doppler,200m_cross_5,200,12,False,0,0,,,
adaptive_soft_doppler,200m_cross_5,200,13,False,1,1,,,
adaptive_soft_doppler,200m_cross_5,200,14,False,0,0,,,
adaptive_soft_doppler,200m_cross_5,200,15,False,1,1,,,
adaptive_soft_doppler,200m_cross_5,200,16,False,1,1,,,
adaptive_soft_doppler,200m_cross_5,200,17,False,0,0,,,
adaptive_soft_doppler,200m_cross_5,200,18,False,0,0,,,
adaptive_soft_doppler,200m_cross_5,200,19,False,2,2,,,
adaptive_soft_doppler,200m_cross_5,200,20,True,2,1,0.09292098149641409,15,0.7108220854785411
adaptive_soft_doppler,200m_cross_5,200,21,True,2,1,0.0,15,0.7379291120164231
A_prime_legacy_corrected,200m_cross_10,200,30,True,9,8,2.9790409838967277e-15,14,nan
A_prime_legacy_corrected,200m_cross_10,200,31,True,4,3,5.701662731533487e-14,14,nan
A_prime_legacy_corrected,200m_cross_10,200,32,True,10,9,0.43315489554624087,14,nan
A_prime_legacy_corrected,200m_cross_10,200,33,False,4,4,,,
A_prime_legacy_corrected,200m_cross_10,200,34,True,5,4,3.036739037525883e-14,14,nan
A_prime_legacy_corrected,200m_cross_10,200,35,True,4,3,3.2766441552384e-14,14,nan
A_prime_legacy_corrected,200m_cross_10,200,36,True,6,5,7.944109290391274e-15,14,nan
A_prime_legacy_corrected,200m_cross_10,200,37,True,4,3,5.739584601870544e-14,14,nan
A_prime_legacy_corrected,200m_cross_10,200,38,False,3,3,,,
A_prime_legacy_corrected,200m_cross_10,200,39,True,7,6,2.886238236725078e-14,14,nan
A_prime_legacy_corrected,200m_cross_10,200,40,True,4,3,4.440892098500626e-15,14,nan
A_prime_legacy_corrected,200m_cross_10,200,41,True,6,5,2.2496385584685847,14,nan
A_prime_legacy_corrected,200m_cross_10,200,42,False,5,5,,,
A_prime_legacy_corrected,200m_cross_10,200,43,False,11,11,,,
A_prime_legacy_corrected,200m_cross_10,200,44,False,7,7,,,
A_prime_legacy_corrected,200m_cross_10,200,45,False,2,2,,,
A_prime_legacy_corrected,200m_cross_10,200,46,False,9,9,,,
A_prime_legacy_corrected,200m_cross_10,200,47,False,6,6,,,
B_khosravi_current,200m_cross_10,200,30,True,30,29,0.29828973083043325,77,
B_khosravi_current,200m_cross_10,200,31,True,25,24,0.6613385316697487,77,
B_khosravi_current,200m_cross_10,200,32,True,26,25,0.11979917349629308,77,
B_khosravi_current,200m_cross_10,200,33,True,27,26,0.03081214081522671,77,
B_khosravi_current,200m_cross_10,200,34,True,31,30,0.07929233759891556,77,
B_khosravi_current,200m_cross_10,200,35,True,30,29,0.005468714241405875,77,
B_khosravi_current,200m_cross_10,200,36,False,28,28,,,
B_khosravi_current,200m_cross_10,200,37,True,25,24,0.013226102846393858,77,
B_khosravi_current,200m_cross_10,200,38,False,30,30,,,
B_khosravi_current,200m_cross_10,200,39,True,22,21,0.14109569173595937,77,
B_khosravi_current,200m_cross_10,200,40,False,27,27,,,
B_khosravi_current,200m_cross_10,200,41,True,29,28,0.3678018780966309,77,
B_khosravi_current,200m_cross_10,200,42,True,26,25,0.11696082340656376,77,
B_khosravi_current,200m_cross_10,200,43,True,26,25,0.033209030177060075,77,
B_khosravi_current,200m_cross_10,200,44,False,24,24,,,
B_khosravi_current,200m_cross_10,200,45,False,26,26,,,
B_khosravi_current,200m_cross_10,200,46,False,25,25,,,
B_khosravi_current,200m_cross_10,200,47,True,24,23,0.06096205534731718,135,
fixed_soft,200m_cross_10,200,30,False,1,1,,,
fixed_soft,200m_cross_10,200,31,False,1,1,,,
fixed_soft,200m_cross_10,200,32,False,1,1,,,
fixed_soft,200m_cross_10,200,33,False,1,1,,,
fixed_soft,200m_cross_10,200,34,False,0,0,,,
fixed_soft,200m_cross_10,200,35,False,3,3,,,
fixed_soft,200m_cross_10,200,36,False,1,1,,,
fixed_soft,200m_cross_10,200,37,False,2,2,,,
fixed_soft,200m_cross_10,200,38,False,1,1,,,
fixed_soft,200m_cross_10,200,39,False,1,1,,,
fixed_soft,200m_cross_10,200,40,False,0,0,,,
fixed_soft,200m_cross_10,200,41,False,1,1,,,
fixed_soft,200m_cross_10,200,42,True,2,1,0.11696082340656376,99,0.7180787189648721
fixed_soft,200m_cross_10,200,43,True,3,2,0.033209030177060075,99,0.6967343081193423
fixed_soft,200m_cross_10,200,44,False,0,0,,,
fixed_soft,200m_cross_10,200,45,False,1,1,,,
fixed_soft,200m_cross_10,200,46,False,1,1,,,
fixed_soft,200m_cross_10,200,47,False,1,1,,,
adaptive_soft,200m_cross_10,200,30,False,1,1,,,
adaptive_soft,200m_cross_10,200,31,False,1,1,,,
adaptive_soft,200m_cross_10,200,32,False,1,1,,,
adaptive_soft,200m_cross_10,200,33,False,0,0,,,
adaptive_soft,200m_cross_10,200,34,False,1,1,,,
adaptive_soft,200m_cross_10,200,35,False,1,1,,,
adaptive_soft,200m_cross_10,200,36,False,2,2,,,
adaptive_soft,200m_cross_10,200,37,False,2,2,,,
adaptive_soft,200m_cross_10,200,38,False,2,2,,,
adaptive_soft,200m_cross_10,200,39,False,2,2,,,
adaptive_soft,200m_cross_10,200,40,False,0,0,,,
adaptive_soft,200m_cross_10,200,41,False,0,0,,,
adaptive_soft,200m_cross_10,200,42,True,1,0,0.11696082340656376,153,0.7040412453122633
adaptive_soft,200m_cross_10,200,43,False,2,2,,,
adaptive_soft,200m_cross_10,200,44,False,1,1,,,
adaptive_soft,200m_cross_10,200,45,False,3,3,,,
adaptive_soft,200m_cross_10,200,46,False,3,3,,,
adaptive_soft,200m_cross_10,200,47,False,1,1,,,
adaptive_soft_doppler,200m_cross_10,200,30,False,1,1,,,
adaptive_soft_doppler,200m_cross_10,200,31,False,1,1,,,
adaptive_soft_doppler,200m_cross_10,200,32,False,0,0,,,
adaptive_soft_doppler,200m_cross_10,200,33,False,0,0,,,
adaptive_soft_doppler,200m_cross_10,200,34,False,1,1,,,
adaptive_soft_doppler,200m_cross_10,200,35,False,0,0,,,
adaptive_soft_doppler,200m_cross_10,200,36,False,1,1,,,
adaptive_soft_doppler,200m_cross_10,200,37,False,0,0,,,
adaptive_soft_doppler,200m_cross_10,200,38,False,0,0,,,
adaptive_soft_doppler,200m_cross_10,200,39,False,1,1,,,
adaptive_soft_doppler,200m_cross_10,200,40,False,0,0,,,
adaptive_soft_doppler,200m_cross_10,200,41,False,0,0,,,
adaptive_soft_doppler,200m_cross_10,200,42,True,1,0,0.11696082340656376,153,0.709232947309994
adaptive_soft_doppler,200m_cross_10,200,43,False,2,2,,,
adaptive_soft_doppler,200m_cross_10,200,44,False,0,0,,,
adaptive_soft_doppler,200m_cross_10,200,45,False,2,2,,,
adaptive_soft_doppler,200m_cross_10,200,46,False,3,3,,,
adaptive_soft_doppler,200m_cross_10,200,47,False,3,3,,,
A_prime_legacy_corrected,300m_cross_10,300,0,False,0,0,,,
A_prime_legacy_corrected,300m_cross_10,300,1,False,0,0,,,
A_prime_legacy_corrected,300m_cross_10,300,2,False,0,0,,,
A_prime_legacy_corrected,300m_cross_10,300,3,False,0,0,,,
A_prime_legacy_corrected,300m_cross_10,300,4,False,0,0,,,
A_prime_legacy_corrected,300m_cross_10,300,5,False,0,0,,,
A_prime_legacy_corrected,300m_cross_10,300,6,False,0,0,,,
A_prime_legacy_corrected,300m_cross_10,300,7,False,0,0,,,
A_prime_legacy_corrected,300m_cross_10,300,9,True,10,9,1.432144669219779e-14,5,nan
A_prime_legacy_corrected,300m_cross_10,300,10,True,8,7,5.92622033849902e-14,5,nan
B_khosravi_current,300m_cross_10,300,0,False,0,0,,,
B_khosravi_current,300m_cross_10,300,1,False,18,18,,,
B_khosravi_current,300m_cross_10,300,2,False,21,21,,,
B_khosravi_current,300m_cross_10,300,3,False,20,20,,,
B_khosravi_current,300m_cross_10,300,4,True,27,26,0.9115601556116584,39,
B_khosravi_current,300m_cross_10,300,5,False,24,24,,,
B_khosravi_current,300m_cross_10,300,6,True,26,25,0.43245210212162793,39,
B_khosravi_current,300m_cross_10,300,7,True,20,19,0.19551370043517513,39,
B_khosravi_current,300m_cross_10,300,9,False,23,23,,,
B_khosravi_current,300m_cross_10,300,10,False,26,26,,,
fixed_soft,300m_cross_10,300,0,False,0,0,,,
fixed_soft,300m_cross_10,300,1,True,10,9,0.0,27,0.7064519628057424
fixed_soft,300m_cross_10,300,2,False,8,8,,,
fixed_soft,300m_cross_10,300,3,False,3,3,,,
fixed_soft,300m_cross_10,300,4,False,3,3,,,
fixed_soft,300m_cross_10,300,5,False,2,2,,,
fixed_soft,300m_cross_10,300,6,False,1,1,,,
fixed_soft,300m_cross_10,300,7,False,2,2,,,
fixed_soft,300m_cross_10,300,9,False,4,4,,,
fixed_soft,300m_cross_10,300,10,False,3,3,,,
adaptive_soft,300m_cross_10,300,0,False,0,0,,,
adaptive_soft,300m_cross_10,300,1,True,10,9,0.0,27,0.7111075543217269
adaptive_soft,300m_cross_10,300,2,True,10,9,0.0,27,0.6851554789325296
adaptive_soft,300m_cross_10,300,3,False,4,4,,,
adaptive_soft,300m_cross_10,300,4,False,6,6,,,
adaptive_soft,300m_cross_10,300,5,False,3,3,,,
adaptive_soft,300m_cross_10,300,6,False,1,1,,,
adaptive_soft,300m_cross_10,300,7,False,3,3,,,
adaptive_soft,300m_cross_10,300,9,False,5,5,,,
adaptive_soft,300m_cross_10,300,10,False,2,2,,,
adaptive_soft_doppler,300m_cross_10,300,0,False,0,0,,,
adaptive_soft_doppler,300m_cross_10,300,1,True,9,8,0.0,27,0.7174514305122167
adaptive_soft_doppler,300m_cross_10,300,2,True,8,7,0.0,27,0.6878179093196924
adaptive_soft_doppler,300m_cross_10,300,3,False,6,6,,,
adaptive_soft_doppler,300m_cross_10,300,4,False,5,5,,,
adaptive_soft_doppler,300m_cross_10,300,5,False,3,3,,,
adaptive_soft_doppler,300m_cross_10,300,6,False,3,3,,,
adaptive_soft_doppler,300m_cross_10,300,7,False,3,3,,,
adaptive_soft_doppler,300m_cross_10,300,9,False,2,2,,,
adaptive_soft_doppler,300m_cross_10,300,10,False,3,3,,,
