condition_id,frame_index,input_target_raw_support,background_target_raw_support,neighborhood_target_raw_support,dbscan_target_raw_support,background_frame_count
100m_cross_5,11,30,30,30,30,12
100m_cross_5,12,37,37,37,37,13
100m_cross_5,14,39,39,39,39,15
100m_cross_5,15,46,46,46,46,16
100m_cross_5,16,48,48,48,48,17
100m_cross_5,17,40,40,40,40,18
100m_cross_5,18,22,22,22,22,19
100m_cross_5,20,57,57,57,57,21
100m_cross_5,21,13,13,13,13,22
100m_cross_5,22,47,47,0,0,23
100m_cross_5,23,41,41,0,0,24
100m_cross_5,24,36,36,0,0,25
100m_cross_5,25,41,2,0,0,26
100m_cross_5,26,36,0,0,0,27
100m_cross_5,27,55,55,0,0,28
100m_cross_5,28,45,45,0,0,29
100m_cross_5,29,34,34,0,0,30
100m_cross_5,30,52,52,52,52,31
100m_cross_5,31,36,36,0,0,32
100m_cross_10,18,25,25,25,25,19
100m_cross_10,19,46,46,46,46,20
100m_cross_10,20,40,40,40,40,21
100m_cross_10,21,41,41,41,41,22
100m_cross_10,22,27,27,27,27,23
100m_cross_10,23,44,44,44,44,24
100m_cross_10,24,46,46,46,46,25
100m_cross_10,25,38,38,38,38,26
100m_cross_10,26,7,7,7,7,27
100m_cross_10,28,25,25,25,25,29
100m_cross_10,31,32,32,32,32,32
200m_cross_5,0,11,0,0,0,1
200m_cross_5,1,9,0,0,0,2
200m_cross_5,2,14,0,0,0,3
200m_cross_5,3,22,0,0,0,4
200m_cross_5,4,6,0,0,0,5
200m_cross_5,5,9,0,0,0,6
200m_cross_5,6,3,0,0,0,7
200m_cross_5,7,24,0,0,0,8
200m_cross_5,8,18,18,0,0,9
200m_cross_5,9,18,0,0,0,10
200m_cross_5,10,21,0,0,0,11
200m_cross_5,11,19,0,0,0,12
200m_cross_5,12,10,0,0,0,13
200m_cross_5,13,7,7,0,0,14
200m_cross_5,14,7,7,7,7,15
200m_cross_5,15,19,19,9,9,16
200m_cross_5,16,16,16,15,15,17
200m_cross_5,17,12,12,12,12,18
200m_cross_5,18,14,14,11,11,19
200m_cross_5,19,10,10,4,4,20
200m_cross_5,20,11,11,11,11,21
200m_cross_5,21,15,15,15,15,22
200m_cross_10,30,23,23,23,23,31
200m_cross_10,31,28,28,28,28,32
200m_cross_10,32,17,17,4,4,33
200m_cross_10,33,32,0,0,0,34
200m_cross_10,34,21,21,21,21,35
200m_cross_10,35,23,23,23,23,36
200m_cross_10,36,21,21,21,21,37
200m_cross_10,37,29,29,29,29,38
200m_cross_10,38,36,0,0,0,39
200m_cross_10,39,13,13,13,13,40
200m_cross_10,40,10,10,10,10,41
200m_cross_10,41,30,30,2,2,42
200m_cross_10,42,10,10,0,0,43
200m_cross_10,43,23,23,0,0,44
200m_cross_10,44,18,18,0,0,45
200m_cross_10,45,22,22,0,0,46
200m_cross_10,46,17,17,0,0,47
200m_cross_10,47,23,0,0,0,48
300m_cross_10,0,5,0,0,0,1
300m_cross_10,1,3,0,0,0,2
300m_cross_10,2,1,0,0,0,3
300m_cross_10,3,3,0,0,0,4
300m_cross_10,4,5,0,0,0,5
300m_cross_10,5,5,0,0,0,6
300m_cross_10,6,11,0,0,0,7
300m_cross_10,7,14,0,0,0,8
300m_cross_10,9,11,11,11,11,10
300m_cross_10,10,8,8,8,8,11
